Workbook
Name Padresverstrekker: Lening!$L$7:$M$7
Name GeleendBedrag: Lening!$D$3
Name Adresontvanger: Lening!$P$3
Name AccountNaam: 'CRM '!$A$2:$A$547
Name Pverstrekker: Lening!$L$6:$M$6
Name Naamverstrekker: Lening!$L$2:$M$2
Name BegindatumLening: Lening!$D$6
Name Naamontvanger: Lening!$P$2
Name Iban: Lening!$L$4:$M$4
Name CRM: 'CRM '!$A$2:$AO$547
Name Kenteken: Lening!$M$11
Name EersteBetaling: Lening!$C$10
Name Padresontvanger: Lening!$P$7
Name Adresverstrekker: Lening!$L$3:$M$3
Name Type: Lening!$M$14
Name Merk: Lening!$M$13
Name Verstrekker: Lening!$L$1
Name Veldnamenrij: Lening!$9:$9
Name TotaleRente: Lening!$H$5
Name Pontvanger: Lening!$P$6
Name Leningjaren: Lening!$D$5
Name TotaleLeningkosten: Lening!$H$6
Name PIban: Lening!$L$9:$M$9
Name VoertuigID: Lening!$M$12
Name Ontvanger: Lening!$P$1
Name AantalBetalingen: Lening!$H$4
Name Aflossing: Lening!$H$3
Name Rentevoet: Lening!$D$4

Sheet CRM 
A1: =IFERROR(__xludf.DUMMYFUNCTION("IMPORTRANGE(""1GdTinF6-0i_lvTatB4CP3cB__lgNzE6_ZfISkzeXnv8"",""CRM!A2:AO"")"),"KvKNaam") -> KvKNaam | B1: =IFERROR(__xludf.DUMMYFUNCTION("""COMPUTED_VALUE"""),"Bedrijfsnaam") -> Bedrijfsnaam | C1: =IFERROR(__xludf.DUMMYFUNCTION("""COMPUTED_VALUE"""),"Map") -> Map | D1: =IFERROR(__xludf.DUMMYFUNCTION("""COMPUTED_VALUE"""),"Eigendom") -> Eigendom | E1: =IFERROR(__xludf.DUMMYFUNCTION("""COMPUTED_VALUE"""),"SBI_Code") -> SBI_Code | F1: =IFERROR(__xludf.DUMMYFUNCTION("""COMPUTED_VALUE"""),"HoofdTel") -> HoofdTel | G1: =IFERROR(__xludf.DUMMYFUNCTION("""COMPUTED_VALUE"""),"Email1Acc") -> Email1Acc | H1: =IFERROR(__xludf.DUMMYFUNCTION("""COMPUTED_VALUE"""),"StraatFactuur") -> StraatFactuur | I1: =IFERROR(__xludf.DUMMYFUNCTION("""COMPUTED_VALUE"""),"PCFactuur") -> PCFactuur | J1: =IFERROR(__xludf.DUMMYFUNCTION("""COMPUTED_VALUE"""),"PlaatsFactuur") -> PlaatsFactuur | K1: =IFERROR(__xludf.DUMMYFUNCTION("""COMPUTED_VALUE"""),"LandFactuur") -> LandFactuur | L1: =IFERROR(__xludf.DUMMYFUNCTION("""COMPUTED_VALUE"""),"BulgaarseNaam") -> BulgaarseNaam | M1: =IFERROR(__xludf.DUMMYFUNCTION("""COMPUTED_VALUE"""),"KlantVanaf") -> KlantVanaf | N1: =IFERROR(__xludf.DUMMYFUNCTION("""COMPUTED_VALUE"""),"BTWNummer") -> BTWNummer | O1: =IFERROR(__xludf.DUMMYFUNCTION("""COMPUTED_VALUE"""),"KvKNummer") -> KvKNummer | P1: =IFERROR(__xludf.DUMMYFUNCTION("""COMPUTED_VALUE"""),"IBANZakelijk") -> IBANZakelijk | Q1: =IFERROR(__xludf.DUMMYFUNCTION("""COMPUTED_VALUE"""),"KvKInschrijving") -> KvKInschrijving | R1: =IFERROR(__xludf.DUMMYFUNCTION("""COMPUTED_VALUE"""),"KvKUitschrijving") -> KvKUitschrijving | S1: =IFERROR(__xludf.DUMMYFUNCTION("""COMPUTED_VALUE"""),"BTWID") -> BTWID | T1: =IFERROR(__xludf.DUMMYFUNCTION("""COMPUTED_VALUE"""),"RSIN") -> RSIN | U1: =IFERROR(__xludf.DUMMYFUNCTION("""COMPUTED_VALUE"""),"Rechtsvorm") -> Rechtsvorm | V1: =IFERROR(__xludf.DUMMYFUNCTION("""COMPUTED_VALUE"""),"KvKVestigingsnummer") -> KvKVestigingsnummer | W1: =IFERROR(__xludf.DUMMYFUNCTION("""COMPUTED_VALUE"""),"EmailInkopen") -> EmailInkopen | X1: =IFERROR(__xludf.DUMMYFUNCTION("""COMPUTED_VALUE"""),"EmailVerkopen") -> EmailVerkopen | Y1: =IFERROR(__xludf.DUMMYFUNCTION("""COMPUTED_VALUE"""),"Aanhef") -> Aanhef | Z1: =IFERROR(__xludf.DUMMYFUNCTION("""COMPUTED_VALUE"""),"Voornaam") -> Voornaam | AA1: =IFERROR(__xludf.DUMMYFUNCTION("""COMPUTED_VALUE"""),"Achternaam") -> Achternaam | AB1: =IFERROR(__xludf.DUMMYFUNCTION("""COMPUTED_VALUE"""),"Voorletters") -> Voorletters | AC1: =IFERROR(__xludf.DUMMYFUNCTION("""COMPUTED_VALUE"""),"BSN") -> BSN | AD1: =IFERROR(__xludf.DUMMYFUNCTION("""COMPUTED_VALUE"""),"GeborteDatum") -> GeborteDatum | AE1: =IFERROR(__xludf.DUMMYFUNCTION("""COMPUTED_VALUE"""),"Taal") -> Taal | AF1: =IFERROR(__xludf.DUMMYFUNCTION("""COMPUTED_VALUE"""),"GeboortePlaats") -> GeboortePlaats | AG1: =IFERROR(__xludf.DUMMYFUNCTION("""COMPUTED_VALUE"""),"VolNaam") -> VolNaam | AH1: =IFERROR(__xludf.DUMMYFUNCTION("""COMPUTED_VALUE"""),"IBAN Prive") -> IBAN Prive | AI1: =IFERROR(__xludf.DUMMYFUNCTION("""COMPUTED_VALUE"""),"GBAReg") -> GBAReg | AJ1: =IFERROR(__xludf.DUMMYFUNCTION("""COMPUTED_VALUE"""),"IDSoort") -> IDSoort | AK1: =IFERROR(__xludf.DUMMYFUNCTION("""COMPUTED_VALUE"""),"IDNummer") -> IDNummer | AL1: =IFERROR(__xludf.DUMMYFUNCTION("""COMPUTED_VALUE"""),"IDVerloop") -> IDVerloop | AM1: =IFERROR(__xludf.DUMMYFUNCTION("""COMPUTED_VALUE"""),"GebLand") -> GebLand | AN1: =IFERROR(__xludf.DUMMYFUNCTION("""COMPUTED_VALUE"""),"CNaam") -> CNaam | AO1: =IFERROR(__xludf.DUMMYFUNCTION("""COMPUTED_VALUE"""),"KlantNr") -> KlantNr
A2: =IFERROR(__xludf.DUMMYFUNCTION("""COMPUTED_VALUE"""),"A. Georgiev") -> A. Georgiev | B2: =IFERROR(__xludf.DUMMYFUNCTION("""COMPUTED_VALUE"""),"A. Georgiev Services") -> A. Georgiev Services | C2: =IFERROR(__xludf.DUMMYFUNCTION("""COMPUTED_VALUE"""),1051.0) -> 1051 | D2: =IFERROR(__xludf.DUMMYFUNCTION("""COMPUTED_VALUE"""),"Anton Pavlov Georgiev") -> Anton Pavlov Georgiev | E2: =IFERROR(__xludf.DUMMYFUNCTION("""COMPUTED_VALUE"""),"SBI-code: 4120 - Algemene burgerlijke en utiliteitsbouw") -> SBI-code: 4120 - Algemene burgerlijke en utiliteitsbouw | F2: =IFERROR(__xludf.DUMMYFUNCTION("""COMPUTED_VALUE"""),"0649674189") -> 0649674189 | G2: =IFERROR(__xludf.DUMMYFUNCTION("""COMPUTED_VALUE"""),"antonfant@gmail.com") -> antonfant@gmail.com | H2: =IFERROR(__xludf.DUMMYFUNCTION("""COMPUTED_VALUE"""),"Aaraustraat 19") -> Aaraustraat 19 | I2: =IFERROR(__xludf.DUMMYFUNCTION("""COMPUTED_VALUE"""),"2612BP") -> 2612BP | J2: =IFERROR(__xludf.DUMMYFUNCTION("""COMPUTED_VALUE"""),"Delft") -> Delft | K2: =IFERROR(__xludf.DUMMYFUNCTION("""COMPUTED_VALUE"""),"Nederland") -> Nederland | L2: =IFERROR(__xludf.DUMMYFUNCTION("""COMPUTED_VALUE"""),"Георгиев") -> Георгиев | M2: =IFERROR(__xludf.DUMMYFUNCTION("""COMPUTED_VALUE"""),44193.0) -> 44193 | N2: =IFERROR(__xludf.DUMMYFUNCTION("""COMPUTED_VALUE"""),"NL693607014B02") -> NL693607014B02 | O2: =IFERROR(__xludf.DUMMYFUNCTION("""COMPUTED_VALUE"""),9.9942506E7) -> 99942506 | P2: =IFERROR(__xludf.DUMMYFUNCTION("""COMPUTED_VALUE"""),"NL") -> NL | Q2: =IFERROR(__xludf.DUMMYFUNCTION("""COMPUTED_VALUE"""),45992.0) -> 45992 | S2: =IFERROR(__xludf.DUMMYFUNCTION("""COMPUTED_VALUE"""),"NL005365781B76") -> NL005365781B76 | T2: =IFERROR(__xludf.DUMMYFUNCTION("""COMPUTED_VALUE"""),6.93607014E8) -> 693607014 | U2: =IFERROR(__xludf.DUMMYFUNCTION("""COMPUTED_VALUE"""),"Eenmanszaak") -> Eenmanszaak | V2: =IFERROR(__xludf.DUMMYFUNCTION("""COMPUTED_VALUE"""),"000064070603") -> 000064070603 | W2: =IFERROR(__xludf.DUMMYFUNCTION("""COMPUTED_VALUE"""),"ink.a.georgiev.2288aa@zarabota.nl") -> ink.a.georgiev.2288aa@zarabota.nl | X2: =IFERROR(__xludf.DUMMYFUNCTION("""COMPUTED_VALUE"""),"ver.a.georgiev.2288aa@zarabota.nl") -> ver.a.georgiev.2288aa@zarabota.nl | Y2: =IFERROR(__xludf.DUMMYFUNCTION("""COMPUTED_VALUE"""),"Hr.") -> Hr. | Z2: =IFERROR(__xludf.DUMMYFUNCTION("""COMPUTED_VALUE"""),"Anton Pavlov") -> Anton Pavlov | AA2: =IFERROR(__xludf.DUMMYFUNCTION("""COMPUTED_VALUE"""),"Georgiev") -> Georgiev | AB2: =IFERROR(__xludf.DUMMYFUNCTION("""COMPUTED_VALUE"""),"A.P.") -> A.P. | AC2: =IFERROR(__xludf.DUMMYFUNCTION("""COMPUTED_VALUE"""),6.93607014E8) -> 693607014 | AD2: =IFERROR(__xludf.DUMMYFUNCTION("""COMPUTED_VALUE"""),28738.0) -> 28738 | AE2: =IFERROR(__xludf.DUMMYFUNCTION("""COMPUTED_VALUE"""),"bg") -> bg | AF2: =IFERROR(__xludf.DUMMYFUNCTION("""COMPUTED_VALUE"""),"Sofia") -> Sofia | AG2: =IFERROR(__xludf.DUMMYFUNCTION("""COMPUTED_VALUE"""),"Hr. A.P. Georgiev") -> Hr. A.P. Georgiev | AJ2: =IFERROR(__xludf.DUMMYFUNCTION("""COMPUTED_VALUE"""),"ID Kaart") -> ID Kaart | AK2: =IFERROR(__xludf.DUMMYFUNCTION("""COMPUTED_VALUE"""),6.46497506E8) -> 646497506 | AL2: =IFERROR(__xludf.DUMMYFUNCTION("""COMPUTED_VALUE"""),46201.0) -> 46201 | AM2: =IFERROR(__xludf.DUMMYFUNCTION("""COMPUTED_VALUE"""),"Bulgarije") -> Bulgarije | AN2: =IFERROR(__xludf.DUMMYFUNCTION("""COMPUTED_VALUE"""),"Anton Pavlov Georgiev") -> Anton Pavlov Georgiev | AO2: =IFERROR(__xludf.DUMMYFUNCTION("""COMPUTED_VALUE"""),1051.0) -> 1051
A3: =IFERROR(__xludf.DUMMYFUNCTION("""COMPUTED_VALUE"""),"A. Iliev") -> A. Iliev | B3: =IFERROR(__xludf.DUMMYFUNCTION("""COMPUTED_VALUE"""),"A. Iliev") -> A. Iliev | C3: =IFERROR(__xludf.DUMMYFUNCTION("""COMPUTED_VALUE"""),1333.0) -> 1333 | D3: =IFERROR(__xludf.DUMMYFUNCTION("""COMPUTED_VALUE"""),"Aleksandar Nikolaev Iliev") -> Aleksandar Nikolaev Iliev | E3: =IFERROR(__xludf.DUMMYFUNCTION("""COMPUTED_VALUE"""),"SBI-code: 4120 - Algemene burgerlijke en utiliteitsbouw") -> SBI-code: 4120 - Algemene burgerlijke en utiliteitsbouw | F3: =IFERROR(__xludf.DUMMYFUNCTION("""COMPUTED_VALUE"""),"+359882707869") -> +359882707869 | G3: =IFERROR(__xludf.DUMMYFUNCTION("""COMPUTED_VALUE"""),"aleksandur91@gmail.com") -> aleksandur91@gmail.com | H3: =IFERROR(__xludf.DUMMYFUNCTION("""COMPUTED_VALUE"""),"Springersdiep 21") -> Springersdiep 21 | I3: =IFERROR(__xludf.DUMMYFUNCTION("""COMPUTED_VALUE"""),"2904ET") -> 2904ET | J3: =IFERROR(__xludf.DUMMYFUNCTION("""COMPUTED_VALUE"""),"Capelle aan den IJssel") -> Capelle aan den IJssel | K3: =IFERROR(__xludf.DUMMYFUNCTION("""COMPUTED_VALUE"""),"Nederland") -> Nederland | L3: =IFERROR(__xludf.DUMMYFUNCTION("""COMPUTED_VALUE"""),"Илиев") -> Илиев | M3: =IFERROR(__xludf.DUMMYFUNCTION("""COMPUTED_VALUE"""),44606.0) -> 44606 | N3: =IFERROR(__xludf.DUMMYFUNCTION("""COMPUTED_VALUE"""),"NL694524268B01") -> NL694524268B01 | O3: =IFERROR(__xludf.DUMMYFUNCTION("""COMPUTED_VALUE"""),8.5495239E7) -> 85495239 | P3: =IFERROR(__xludf.DUMMYFUNCTION("""COMPUTED_VALUE"""),"NL27INGB0390009083") -> NL27INGB0390009083 | Q3: =IFERROR(__xludf.DUMMYFUNCTION("""COMPUTED_VALUE"""),44606.0) -> 44606 | S3: =IFERROR(__xludf.DUMMYFUNCTION("""COMPUTED_VALUE"""),"NL004103132B76") -> NL004103132B76 | T3: =IFERROR(__xludf.DUMMYFUNCTION("""COMPUTED_VALUE"""),6.94524268E8) -> 694524268 | U3: =IFERROR(__xludf.DUMMYFUNCTION("""COMPUTED_VALUE"""),"Eenmanszaak") -> Eenmanszaak | V3: =IFERROR(__xludf.DUMMYFUNCTION("""COMPUTED_VALUE"""),"000051537753") -> 000051537753 | W3: =IFERROR(__xludf.DUMMYFUNCTION("""COMPUTED_VALUE"""),"ink.ailiev.2288aa@zarabota.nl") -> ink.ailiev.2288aa@zarabota.nl | X3: =IFERROR(__xludf.DUMMYFUNCTION("""COMPUTED_VALUE"""),"ver.ailiev.2288aa@zarabota.nl") -> ver.ailiev.2288aa@zarabota.nl | Y3: =IFERROR(__xludf.DUMMYFUNCTION("""COMPUTED_VALUE"""),"Hr.") -> Hr. | Z3: =IFERROR(__xludf.DUMMYFUNCTION("""COMPUTED_VALUE"""),"Aleksandar Nikolaev") -> Aleksandar Nikolaev | AA3: =IFERROR(__xludf.DUMMYFUNCTION("""COMPUTED_VALUE"""),"Iliev") -> Iliev | AB3: =IFERROR(__xludf.DUMMYFUNCTION("""COMPUTED_VALUE"""),"A.N.") -> A.N. | AC3: =IFERROR(__xludf.DUMMYFUNCTION("""COMPUTED_VALUE"""),6.94524268E8) -> 694524268 | AD3: =IFERROR(__xludf.DUMMYFUNCTION("""COMPUTED_VALUE"""),34490.0) -> 34490 | AE3: =IFERROR(__xludf.DUMMYFUNCTION("""COMPUTED_VALUE"""),"bg") -> bg | AF3: =IFERROR(__xludf.DUMMYFUNCTION("""COMPUTED_VALUE"""),"Veliko Tarnovo") -> Veliko Tarnovo | AG3: =IFERROR(__xludf.DUMMYFUNCTION("""COMPUTED_VALUE"""),"Hr. A.N. Iliev") -> Hr. A.N. Iliev | AJ3: =IFERROR(__xludf.DUMMYFUNCTION("""COMPUTED_VALUE"""),"ID Kaart") -> ID Kaart | AK3: =IFERROR(__xludf.DUMMYFUNCTION("""COMPUTED_VALUE"""),6.51372198E8) -> 651372198 | AL3: =IFERROR(__xludf.DUMMYFUNCTION("""COMPUTED_VALUE"""),48211.0) -> 48211 | AM3: =IFERROR(__xludf.DUMMYFUNCTION("""COMPUTED_VALUE"""),"Bulgarije") -> Bulgarije | AN3: =IFERROR(__xludf.DUMMYFUNCTION("""COMPUTED_VALUE"""),"Aleksandar Nikolaev Iliev") -> Aleksandar Nikolaev Iliev | AO3: =IFERROR(__xludf.DUMMYFUNCTION("""COMPUTED_VALUE"""),1333.0) -> 1333
A4: =IFERROR(__xludf.DUMMYFUNCTION("""COMPUTED_VALUE"""),"A.A. Kazakov") -> A.A. Kazakov | B4: =IFERROR(__xludf.DUMMYFUNCTION("""COMPUTED_VALUE"""),"A.A. Kazakov") -> A.A. Kazakov | C4: =IFERROR(__xludf.DUMMYFUNCTION("""COMPUTED_VALUE"""),1074.0) -> 1074 | D4: =IFERROR(__xludf.DUMMYFUNCTION("""COMPUTED_VALUE"""),"Asen Andreev Kazakov") -> Asen Andreev Kazakov | E4: =IFERROR(__xludf.DUMMYFUNCTION("""COMPUTED_VALUE"""),"SBI-code: 4120 - Algemene burgerlijke en utiliteitsbouw") -> SBI-code: 4120 - Algemene burgerlijke en utiliteitsbouw | F4: =IFERROR(__xludf.DUMMYFUNCTION("""COMPUTED_VALUE"""),"0685411440") -> 0685411440 | G4: =IFERROR(__xludf.DUMMYFUNCTION("""COMPUTED_VALUE"""),"kazakovasen5@gmail.com") -> kazakovasen5@gmail.com | H4: =IFERROR(__xludf.DUMMYFUNCTION("""COMPUTED_VALUE"""),"Loosduinseweg 867") -> Loosduinseweg 867 | I4: =IFERROR(__xludf.DUMMYFUNCTION("""COMPUTED_VALUE"""),"2571AV") -> 2571AV | J4: =IFERROR(__xludf.DUMMYFUNCTION("""COMPUTED_VALUE"""),"s-Gravenhage") -> s-Gravenhage | K4: =IFERROR(__xludf.DUMMYFUNCTION("""COMPUTED_VALUE"""),"Nederland") -> Nederland | L4: =IFERROR(__xludf.DUMMYFUNCTION("""COMPUTED_VALUE"""),"Казаков") -> Казаков | M4: =IFERROR(__xludf.DUMMYFUNCTION("""COMPUTED_VALUE"""),44238.0) -> 44238 | N4: =IFERROR(__xludf.DUMMYFUNCTION("""COMPUTED_VALUE"""),"NL673253570B01") -> NL673253570B01 | O4: =IFERROR(__xludf.DUMMYFUNCTION("""COMPUTED_VALUE"""),8.2225443E7) -> 82225443 | P4: =IFERROR(__xludf.DUMMYFUNCTION("""COMPUTED_VALUE"""),"NL87INGB0007300808") -> NL87INGB0007300808 | Q4: =IFERROR(__xludf.DUMMYFUNCTION("""COMPUTED_VALUE"""),44238.0) -> 44238 | S4: =IFERROR(__xludf.DUMMYFUNCTION("""COMPUTED_VALUE"""),"NL003657916B47") -> NL003657916B47 | T4: =IFERROR(__xludf.DUMMYFUNCTION("""COMPUTED_VALUE"""),6.7325357E8) -> 673253570 | U4: =IFERROR(__xludf.DUMMYFUNCTION("""COMPUTED_VALUE"""),"Eenmanszaak") -> Eenmanszaak | V4: =IFERROR(__xludf.DUMMYFUNCTION("""COMPUTED_VALUE"""),"000048473502") -> 000048473502 | W4: =IFERROR(__xludf.DUMMYFUNCTION("""COMPUTED_VALUE"""),"ink.aakazakov.2288aa@zarabota.nl") -> ink.aakazakov.2288aa@zarabota.nl | X4: =IFERROR(__xludf.DUMMYFUNCTION("""COMPUTED_VALUE"""),"ver.aakazakov.2288aa@zarabota.nl") -> ver.aakazakov.2288aa@zarabota.nl | Y4: =IFERROR(__xludf.DUMMYFUNCTION("""COMPUTED_VALUE"""),"Hr.") -> Hr. | Z4: =IFERROR(__xludf.DUMMYFUNCTION("""COMPUTED_VALUE"""),"Asen Andreev") -> Asen Andreev | AA4: =IFERROR(__xludf.DUMMYFUNCTION("""COMPUTED_VALUE"""),"Kazakov") -> Kazakov | AB4: =IFERROR(__xludf.DUMMYFUNCTION("""COMPUTED_VALUE"""),"A.A.") -> A.A. | AC4: =IFERROR(__xludf.DUMMYFUNCTION("""COMPUTED_VALUE"""),6.7325357E8) -> 673253570 | AD4: =IFERROR(__xludf.DUMMYFUNCTION("""COMPUTED_VALUE"""),28527.0) -> 28527 | AE4: =IFERROR(__xludf.DUMMYFUNCTION("""COMPUTED_VALUE"""),"bg") -> bg | AF4: =IFERROR(__xludf.DUMMYFUNCTION("""COMPUTED_VALUE"""),"Svilengrad") -> Svilengrad | AG4: =IFERROR(__xludf.DUMMYFUNCTION("""COMPUTED_VALUE"""),"Hr. A.A. Kazakov") -> Hr. A.A. Kazakov | AH4: =IFERROR(__xludf.DUMMYFUNCTION("""COMPUTED_VALUE"""),"NL46INGB0796616833") -> NL46INGB0796616833 | AI4: =IFERROR(__xludf.DUMMYFUNCTION("""COMPUTED_VALUE"""),43727.0) -> 43727 | AJ4: =IFERROR(__xludf.DUMMYFUNCTION("""COMPUTED_VALUE"""),"ID Kaart") -> ID Kaart | AK4: =IFERROR(__xludf.DUMMYFUNCTION("""COMPUTED_VALUE"""),6.46715056E8) -> 646715056 | AL4: =IFERROR(__xludf.DUMMYFUNCTION("""COMPUTED_VALUE"""),46323.0) -> 46323 | AM4: =IFERROR(__xludf.DUMMYFUNCTION("""COMPUTED_VALUE"""),"Bulgarije") -> Bulgarije | AN4: =IFERROR(__xludf.DUMMYFUNCTION("""COMPUTED_VALUE"""),"Asen Andreev Kazakov") -> Asen Andreev Kazakov | AO4: =IFERROR(__xludf.DUMMYFUNCTION("""COMPUTED_VALUE"""),1074.0) -> 1074
A5: =IFERROR(__xludf.DUMMYFUNCTION("""COMPUTED_VALUE"""),"A.B. Mitev") -> A.B. Mitev | B5: =IFERROR(__xludf.DUMMYFUNCTION("""COMPUTED_VALUE"""),"A.B. Mitev") -> A.B. Mitev | C5: =IFERROR(__xludf.DUMMYFUNCTION("""COMPUTED_VALUE"""),923.0) -> 923 | D5: =IFERROR(__xludf.DUMMYFUNCTION("""COMPUTED_VALUE"""),"Atanas Borisov Mitev") -> Atanas Borisov Mitev | E5: =IFERROR(__xludf.DUMMYFUNCTION("""COMPUTED_VALUE"""),"SBI-code: 4120 - Algemene burgerlijke en utiliteitsbouw") -> SBI-code: 4120 - Algemene burgerlijke en utiliteitsbouw | F5: =IFERROR(__xludf.DUMMYFUNCTION("""COMPUTED_VALUE"""),"0684083090") -> 0684083090 | G5: =IFERROR(__xludf.DUMMYFUNCTION("""COMPUTED_VALUE"""),"atanas.borisov.mitev@gmail.com") -> atanas.borisov.mitev@gmail.com | H5: =IFERROR(__xludf.DUMMYFUNCTION("""COMPUTED_VALUE"""),"Dautzenbergstraat 21") -> Dautzenbergstraat 21 | I5: =IFERROR(__xludf.DUMMYFUNCTION("""COMPUTED_VALUE"""),"2523KB") -> 2523KB | J5: =IFERROR(__xludf.DUMMYFUNCTION("""COMPUTED_VALUE"""),"s-Gravenhage") -> s-Gravenhage | K5: =IFERROR(__xludf.DUMMYFUNCTION("""COMPUTED_VALUE"""),"Nederland") -> Nederland | L5: =IFERROR(__xludf.DUMMYFUNCTION("""COMPUTED_VALUE"""),"Митев") -> Митев | M5: =IFERROR(__xludf.DUMMYFUNCTION("""COMPUTED_VALUE"""),43881.0) -> 43881 | N5: =IFERROR(__xludf.DUMMYFUNCTION("""COMPUTED_VALUE"""),"NL454395681B02") -> NL454395681B02 | O5: =IFERROR(__xludf.DUMMYFUNCTION("""COMPUTED_VALUE"""),7.6889084E7) -> 76889084 | P5: =IFERROR(__xludf.DUMMYFUNCTION("""COMPUTED_VALUE"""),"NL91INGB0007017981") -> NL91INGB0007017981 | Q5: =IFERROR(__xludf.DUMMYFUNCTION("""COMPUTED_VALUE"""),43836.0) -> 43836 | S5: =IFERROR(__xludf.DUMMYFUNCTION("""COMPUTED_VALUE"""),"NL003142606B73") -> NL003142606B73 | T5: =IFERROR(__xludf.DUMMYFUNCTION("""COMPUTED_VALUE"""),4.54395681E8) -> 454395681 | U5: =IFERROR(__xludf.DUMMYFUNCTION("""COMPUTED_VALUE"""),"Eenmanszaak") -> Eenmanszaak | V5: =IFERROR(__xludf.DUMMYFUNCTION("""COMPUTED_VALUE"""),"000044627726") -> 000044627726 | W5: =IFERROR(__xludf.DUMMYFUNCTION("""COMPUTED_VALUE"""),"ink.a.b.mitev.2288aa@zarabota.nl") -> ink.a.b.mitev.2288aa@zarabota.nl | X5: =IFERROR(__xludf.DUMMYFUNCTION("""COMPUTED_VALUE"""),"ver.a.b.mitev.2288aa@zarabota.nl") -> ver.a.b.mitev.2288aa@zarabota.nl | Y5: =IFERROR(__xludf.DUMMYFUNCTION("""COMPUTED_VALUE"""),"Hr.") -> Hr. | Z5: =IFERROR(__xludf.DUMMYFUNCTION("""COMPUTED_VALUE"""),"Atanas Borisov") -> Atanas Borisov | AA5: =IFERROR(__xludf.DUMMYFUNCTION("""COMPUTED_VALUE"""),"Mitev") -> Mitev | AB5: =IFERROR(__xludf.DUMMYFUNCTION("""COMPUTED_VALUE"""),"A.B.") -> A.B. | AC5: =IFERROR(__xludf.DUMMYFUNCTION("""COMPUTED_VALUE"""),4.54395681E8) -> 454395681 | AD5: =IFERROR(__xludf.DUMMYFUNCTION("""COMPUTED_VALUE"""),27306.0) -> 27306 | AE5: =IFERROR(__xludf.DUMMYFUNCTION("""COMPUTED_VALUE"""),"bg") -> bg | AF5: =IFERROR(__xludf.DUMMYFUNCTION("""COMPUTED_VALUE"""),"Parvomay") -> Parvomay | AG5: =IFERROR(__xludf.DUMMYFUNCTION("""COMPUTED_VALUE"""),"Hr. A.B. Mitev") -> Hr. A.B. Mitev | AH5: =IFERROR(__xludf.DUMMYFUNCTION("""COMPUTED_VALUE"""),"NL56INGB0676666841") -> NL56INGB0676666841 | AJ5: =IFERROR(__xludf.DUMMYFUNCTION("""COMPUTED_VALUE"""),"ID Kaart") -> ID Kaart | AK5: =IFERROR(__xludf.DUMMYFUNCTION("""COMPUTED_VALUE"""),6.45147859E8) -> 645147859 | AL5: =IFERROR(__xludf.DUMMYFUNCTION("""COMPUTED_VALUE"""),45404.0) -> 45404 | AM5: =IFERROR(__xludf.DUMMYFUNCTION("""COMPUTED_VALUE"""),"Bulgarije") -> Bulgarije | AN5: =IFERROR(__xludf.DUMMYFUNCTION("""COMPUTED_VALUE"""),"Atanas Borisov Mitev") -> Atanas Borisov Mitev
A6: =IFERROR(__xludf.DUMMYFUNCTION("""COMPUTED_VALUE"""),"A.R.S. 89") -> A.R.S. 89 | B6: =IFERROR(__xludf.DUMMYFUNCTION("""COMPUTED_VALUE"""),"A.R.S. 89") -> A.R.S. 89 | C6: =IFERROR(__xludf.DUMMYFUNCTION("""COMPUTED_VALUE"""),672.0) -> 672 | D6: =IFERROR(__xludf.DUMMYFUNCTION("""COMPUTED_VALUE"""),"Aliosman Ramadan Shefket") -> Aliosman Ramadan Shefket | E6: =IFERROR(__xludf.DUMMYFUNCTION("""COMPUTED_VALUE"""),"SBI-code: 4120 - Algemene burgerlijke en utiliteitsbouw") -> SBI-code: 4120 - Algemene burgerlijke en utiliteitsbouw | F6: =IFERROR(__xludf.DUMMYFUNCTION("""COMPUTED_VALUE"""),"0638663285") -> 0638663285 | G6: =IFERROR(__xludf.DUMMYFUNCTION("""COMPUTED_VALUE"""),"aliosman123987@abv.bg") -> aliosman123987@abv.bg | H6: =IFERROR(__xludf.DUMMYFUNCTION("""COMPUTED_VALUE"""),"Jan van der Heijdenstraat 90") -> Jan van der Heijdenstraat 90 | I6: =IFERROR(__xludf.DUMMYFUNCTION("""COMPUTED_VALUE"""),"2522ES") -> 2522ES | J6: =IFERROR(__xludf.DUMMYFUNCTION("""COMPUTED_VALUE"""),"s-Gravenhage") -> s-Gravenhage | K6: =IFERROR(__xludf.DUMMYFUNCTION("""COMPUTED_VALUE"""),"Nederland") -> Nederland | L6: =IFERROR(__xludf.DUMMYFUNCTION("""COMPUTED_VALUE"""),"Шефкет") -> Шефкет | M6: =IFERROR(__xludf.DUMMYFUNCTION("""COMPUTED_VALUE"""),43472.0) -> 43472 | N6: =IFERROR(__xludf.DUMMYFUNCTION("""COMPUTED_VALUE"""),"NL395720655B01") -> NL395720655B01 | O6: =IFERROR(__xludf.DUMMYFUNCTION("""COMPUTED_VALUE"""),7.3604445E7) -> 73604445 | P6: =IFERROR(__xludf.DUMMYFUNCTION("""COMPUTED_VALUE"""),"NL64INGB0009118711") -> NL64INGB0009118711 | Q6: =IFERROR(__xludf.DUMMYFUNCTION("""COMPUTED_VALUE"""),43472.0) -> 43472 | S6: =IFERROR(__xludf.DUMMYFUNCTION("""COMPUTED_VALUE"""),"NL002478396B47") -> NL002478396B47 | T6: =IFERROR(__xludf.DUMMYFUNCTION("""COMPUTED_VALUE"""),3.95720655E8) -> 395720655 | U6: =IFERROR(__xludf.DUMMYFUNCTION("""COMPUTED_VALUE"""),"Eenmanszaak") -> Eenmanszaak | V6: =IFERROR(__xludf.DUMMYFUNCTION("""COMPUTED_VALUE"""),"000041623010") -> 000041623010 | W6: =IFERROR(__xludf.DUMMYFUNCTION("""COMPUTED_VALUE"""),"ink.a.r.s.89.2288aa@zarabota.nl") -> ink.a.r.s.89.2288aa@zarabota.nl | X6: =IFERROR(__xludf.DUMMYFUNCTION("""COMPUTED_VALUE"""),"ver.a.r.s.89.2288aa@zarabota.nl") -> ver.a.r.s.89.2288aa@zarabota.nl | Y6: =IFERROR(__xludf.DUMMYFUNCTION("""COMPUTED_VALUE"""),"Hr.") -> Hr. | Z6: =IFERROR(__xludf.DUMMYFUNCTION("""COMPUTED_VALUE"""),"Aliosman Ramadan") -> Aliosman Ramadan | AA6: =IFERROR(__xludf.DUMMYFUNCTION("""COMPUTED_VALUE"""),"Shefket") -> Shefket | AB6: =IFERROR(__xludf.DUMMYFUNCTION("""COMPUTED_VALUE"""),"A.R.") -> A.R. | AC6: =IFERROR(__xludf.DUMMYFUNCTION("""COMPUTED_VALUE"""),3.95720655E8) -> 395720655 | AD6: =IFERROR(__xludf.DUMMYFUNCTION("""COMPUTED_VALUE"""),32662.0) -> 32662 | AE6: =IFERROR(__xludf.DUMMYFUNCTION("""COMPUTED_VALUE"""),"bg") -> bg | AF6: =IFERROR(__xludf.DUMMYFUNCTION("""COMPUTED_VALUE"""),"Haskovo") -> Haskovo | AG6: =IFERROR(__xludf.DUMMYFUNCTION("""COMPUTED_VALUE"""),"Hr. A.R. Shefket") -> Hr. A.R. Shefket | AN6: =IFERROR(__xludf.DUMMYFUNCTION("""COMPUTED_VALUE"""),"Aliosman Ramadan Shefket") -> Aliosman Ramadan Shefket
A7: =IFERROR(__xludf.DUMMYFUNCTION("""COMPUTED_VALUE"""),"A1 Maatwerk B.V.") -> A1 Maatwerk B.V. | B7: =IFERROR(__xludf.DUMMYFUNCTION("""COMPUTED_VALUE"""),"A1 Maatwerk B.V.") -> A1 Maatwerk B.V. | C7: =IFERROR(__xludf.DUMMYFUNCTION("""COMPUTED_VALUE"""),1750.0) -> 1750 | D7: =IFERROR(__xludf.DUMMYFUNCTION("""COMPUTED_VALUE"""),"Anatoliy Viktorovich Volyanyuk") -> Anatoliy Viktorovich Volyanyuk | E7: =IFERROR(__xludf.DUMMYFUNCTION("""COMPUTED_VALUE"""),"SBI-code: 4120 - Algemene burgerlijke en utiliteitsbouw") -> SBI-code: 4120 - Algemene burgerlijke en utiliteitsbouw | F7: =IFERROR(__xludf.DUMMYFUNCTION("""COMPUTED_VALUE"""),"0612374803") -> 0612374803 | G7: =IFERROR(__xludf.DUMMYFUNCTION("""COMPUTED_VALUE"""),"a1maatwerkbv@gmail.com") -> a1maatwerkbv@gmail.com | H7: =IFERROR(__xludf.DUMMYFUNCTION("""COMPUTED_VALUE"""),"B. Thoenplantsoen 26") -> B. Thoenplantsoen 26 | I7: =IFERROR(__xludf.DUMMYFUNCTION("""COMPUTED_VALUE"""),"2552JK") -> 2552JK | J7: =IFERROR(__xludf.DUMMYFUNCTION("""COMPUTED_VALUE"""),"s-Gravenhage") -> s-Gravenhage | K7: =IFERROR(__xludf.DUMMYFUNCTION("""COMPUTED_VALUE"""),"Nederland") -> Nederland | L7: =IFERROR(__xludf.DUMMYFUNCTION("""COMPUTED_VALUE"""),"Волянук") -> Волянук | M7: =IFERROR(__xludf.DUMMYFUNCTION("""COMPUTED_VALUE"""),45966.0) -> 45966 | N7: =IFERROR(__xludf.DUMMYFUNCTION("""COMPUTED_VALUE"""),"NL868638432B01") -> NL868638432B01 | O7: =IFERROR(__xludf.DUMMYFUNCTION("""COMPUTED_VALUE"""),9.8776592E7) -> 98776592 | P7: =IFERROR(__xludf.DUMMYFUNCTION("""COMPUTED_VALUE"""),"NL43INGB0117562858") -> NL43INGB0117562858 | Q7: =IFERROR(__xludf.DUMMYFUNCTION("""COMPUTED_VALUE"""),45966.0) -> 45966 | S7: =IFERROR(__xludf.DUMMYFUNCTION("""COMPUTED_VALUE"""),"NL868638432B01") -> NL868638432B01 | T7: =IFERROR(__xludf.DUMMYFUNCTION("""COMPUTED_VALUE"""),8.68638432E8) -> 868638432 | U7: =IFERROR(__xludf.DUMMYFUNCTION("""COMPUTED_VALUE"""),"Besloten Vennootschap") -> Besloten Vennootschap | V7: =IFERROR(__xludf.DUMMYFUNCTION("""COMPUTED_VALUE"""),"000063917092") -> 000063917092 | W7: =IFERROR(__xludf.DUMMYFUNCTION("""COMPUTED_VALUE"""),"ink.a1maatwerk.2288aa@zarabota.nl") -> ink.a1maatwerk.2288aa@zarabota.nl | X7: =IFERROR(__xludf.DUMMYFUNCTION("""COMPUTED_VALUE"""),"ver.a1maatwerk.2288aa@zarabota.nl") -> ver.a1maatwerk.2288aa@zarabota.nl | Y7: =IFERROR(__xludf.DUMMYFUNCTION("""COMPUTED_VALUE"""),"Hr.") -> Hr. | Z7: =IFERROR(__xludf.DUMMYFUNCTION("""COMPUTED_VALUE"""),"Anatoliy Viktorovich") -> Anatoliy Viktorovich | AA7: =IFERROR(__xludf.DUMMYFUNCTION("""COMPUTED_VALUE"""),"Volyanyuk") -> Volyanyuk | AB7: =IFERROR(__xludf.DUMMYFUNCTION("""COMPUTED_VALUE"""),"A.V.") -> A.V. | AC7: =IFERROR(__xludf.DUMMYFUNCTION("""COMPUTED_VALUE"""),5.65284769E8) -> 565284769 | AD7: =IFERROR(__xludf.DUMMYFUNCTION("""COMPUTED_VALUE"""),29473.0) -> 29473 | AE7: =IFERROR(__xludf.DUMMYFUNCTION("""COMPUTED_VALUE"""),"bg") -> bg | AF7: =IFERROR(__xludf.DUMMYFUNCTION("""COMPUTED_VALUE"""),"Zalozhtsi") -> Zalozhtsi | AG7: =IFERROR(__xludf.DUMMYFUNCTION("""COMPUTED_VALUE"""),"Hr. A.V. Volyanyuk") -> Hr. A.V. Volyanyuk | AN7: =IFERROR(__xludf.DUMMYFUNCTION("""COMPUTED_VALUE"""),"Anatoliy Viktorovich Volyanyuk") -> Anatoliy Viktorovich Volyanyuk | AO7: =IFERROR(__xludf.DUMMYFUNCTION("""COMPUTED_VALUE"""),1750.0) -> 1750
A8: =IFERROR(__xludf.DUMMYFUNCTION("""COMPUTED_VALUE"""),"ABZ Bouw") -> ABZ Bouw | B8: =IFERROR(__xludf.DUMMYFUNCTION("""COMPUTED_VALUE"""),"ABZ Bouw") -> ABZ Bouw | C8: =IFERROR(__xludf.DUMMYFUNCTION("""COMPUTED_VALUE"""),1680.0) -> 1680 | D8: =IFERROR(__xludf.DUMMYFUNCTION("""COMPUTED_VALUE"""),"Zdravko Dimitrov Kovachev") -> Zdravko Dimitrov Kovachev | E8: =IFERROR(__xludf.DUMMYFUNCTION("""COMPUTED_VALUE"""),"SBI-code: 4120 - Algemene burgerlijke en utiliteitsbouw") -> SBI-code: 4120 - Algemene burgerlijke en utiliteitsbouw | F8: =IFERROR(__xludf.DUMMYFUNCTION("""COMPUTED_VALUE"""),"0653958410") -> 0653958410 | G8: =IFERROR(__xludf.DUMMYFUNCTION("""COMPUTED_VALUE"""),"zdravkokovachev09@gmail.com") -> zdravkokovachev09@gmail.com | H8: =IFERROR(__xludf.DUMMYFUNCTION("""COMPUTED_VALUE"""),"Van Merlenstraat 58") -> Van Merlenstraat 58 | I8: =IFERROR(__xludf.DUMMYFUNCTION("""COMPUTED_VALUE"""),"2518TG") -> 2518TG | J8: =IFERROR(__xludf.DUMMYFUNCTION("""COMPUTED_VALUE"""),"s-Gravenhage") -> s-Gravenhage | K8: =IFERROR(__xludf.DUMMYFUNCTION("""COMPUTED_VALUE"""),"Nederland") -> Nederland | L8: =IFERROR(__xludf.DUMMYFUNCTION("""COMPUTED_VALUE"""),"Ковачев") -> Ковачев | M8: =IFERROR(__xludf.DUMMYFUNCTION("""COMPUTED_VALUE"""),45658.0) -> 45658 | N8: =IFERROR(__xludf.DUMMYFUNCTION("""COMPUTED_VALUE"""),"NL398790942B01") -> NL398790942B01 | O8: =IFERROR(__xludf.DUMMYFUNCTION("""COMPUTED_VALUE"""),8.9949382E7) -> 89949382 | P8: =IFERROR(__xludf.DUMMYFUNCTION("""COMPUTED_VALUE"""),"NL63INGB0104257687") -> NL63INGB0104257687 | Q8: =IFERROR(__xludf.DUMMYFUNCTION("""COMPUTED_VALUE"""),45034.0) -> 45034 | S8: =IFERROR(__xludf.DUMMYFUNCTION("""COMPUTED_VALUE"""),"NL004774766B22") -> NL004774766B22 | T8: =IFERROR(__xludf.DUMMYFUNCTION("""COMPUTED_VALUE"""),3.98790942E8) -> 398790942 | U8: =IFERROR(__xludf.DUMMYFUNCTION("""COMPUTED_VALUE"""),"Eenmanszaak") -> Eenmanszaak | V8: =IFERROR(__xludf.DUMMYFUNCTION("""COMPUTED_VALUE"""),"000055705510") -> 000055705510 | W8: =IFERROR(__xludf.DUMMYFUNCTION("""COMPUTED_VALUE"""),"ink.abzbouw.2288aa@zarabota.nl") -> ink.abzbouw.2288aa@zarabota.nl | X8: =IFERROR(__xludf.DUMMYFUNCTION("""COMPUTED_VALUE"""),"ver.abzbouw.2288aa@zarabota.nl") -> ver.abzbouw.2288aa@zarabota.nl | Y8: =IFERROR(__xludf.DUMMYFUNCTION("""COMPUTED_VALUE"""),"Hr.") -> Hr. | Z8: =IFERROR(__xludf.DUMMYFUNCTION("""COMPUTED_VALUE"""),"Zdravko Dimitrov") -> Zdravko Dimitrov | AA8: =IFERROR(__xludf.DUMMYFUNCTION("""COMPUTED_VALUE"""),"Kovachev") -> Kovachev | AB8: =IFERROR(__xludf.DUMMYFUNCTION("""COMPUTED_VALUE"""),"Z.D.") -> Z.D. | AC8: =IFERROR(__xludf.DUMMYFUNCTION("""COMPUTED_VALUE"""),3.98790942E8) -> 398790942 | AD8: =IFERROR(__xludf.DUMMYFUNCTION("""COMPUTED_VALUE"""),31064.0) -> 31064 | AE8: =IFERROR(__xludf.DUMMYFUNCTION("""COMPUTED_VALUE"""),"bg") -> bg | AF8: =IFERROR(__xludf.DUMMYFUNCTION("""COMPUTED_VALUE"""),"Madan") -> Madan | AG8: =IFERROR(__xludf.DUMMYFUNCTION("""COMPUTED_VALUE"""),"Hr. Z.D. Kovachev") -> Hr. Z.D. Kovachev | AJ8: =IFERROR(__xludf.DUMMYFUNCTION("""COMPUTED_VALUE"""),"ID Kaart") -> ID Kaart | AK8: =IFERROR(__xludf.DUMMYFUNCTION("""COMPUTED_VALUE"""),6.46769218E8) -> 646769218 | AL8: =IFERROR(__xludf.DUMMYFUNCTION("""COMPUTED_VALUE"""),46371.0) -> 46371 | AM8: =IFERROR(__xludf.DUMMYFUNCTION("""COMPUTED_VALUE"""),"Bulgarije") -> Bulgarije | AN8: =IFERROR(__xludf.DUMMYFUNCTION("""COMPUTED_VALUE"""),"Zdravko Dimitrov Kovachev") -> Zdravko Dimitrov Kovachev | AO8: =IFERROR(__xludf.DUMMYFUNCTION("""COMPUTED_VALUE"""),1680.0) -> 1680
A9: =IFERROR(__xludf.DUMMYFUNCTION("""COMPUTED_VALUE"""),"ADEN 71 LTD") -> ADEN 71 LTD | B9: =IFERROR(__xludf.DUMMYFUNCTION("""COMPUTED_VALUE"""),"ADEN 71 LTD") -> ADEN 71 LTD | C9: =IFERROR(__xludf.DUMMYFUNCTION("""COMPUTED_VALUE"""),0.0) -> 0 | D9: =IFERROR(__xludf.DUMMYFUNCTION("""COMPUTED_VALUE"""),"Svetozar Boyanov Semerdzhiev") -> Svetozar Boyanov Semerdzhiev | E9: =IFERROR(__xludf.DUMMYFUNCTION("""COMPUTED_VALUE"""),"SBI-code: 4941 - Goederenvervoer over de weg (geen verhuizingen)") -> SBI-code: 4941 - Goederenvervoer over de weg (geen verhuizingen) | F9: =IFERROR(__xludf.DUMMYFUNCTION("""COMPUTED_VALUE"""),"+359897829481") -> +359897829481 | G9: =IFERROR(__xludf.DUMMYFUNCTION("""COMPUTED_VALUE"""),"svetlio710623@gmail.com") -> svetlio710623@gmail.com | H9: =IFERROR(__xludf.DUMMYFUNCTION("""COMPUTED_VALUE"""),"Hristo Smirnenski 3") -> Hristo Smirnenski 3 | I9: =IFERROR(__xludf.DUMMYFUNCTION("""COMPUTED_VALUE"""),2000.0) -> 2000 | J9: =IFERROR(__xludf.DUMMYFUNCTION("""COMPUTED_VALUE"""),"Samokov") -> Samokov | K9: =IFERROR(__xludf.DUMMYFUNCTION("""COMPUTED_VALUE"""),"Bulgarije") -> Bulgarije | L9: =IFERROR(__xludf.DUMMYFUNCTION("""COMPUTED_VALUE"""),"Семерджиев") -> Семерджиев | M9: =IFERROR(__xludf.DUMMYFUNCTION("""COMPUTED_VALUE"""),46014.0) -> 46014 | N9: =IFERROR(__xludf.DUMMYFUNCTION("""COMPUTED_VALUE"""),"BG207227910") -> BG207227910 | O9: =IFERROR(__xludf.DUMMYFUNCTION("""COMPUTED_VALUE"""),2.0722791E8) -> 207227910 | P9: =IFERROR(__xludf.DUMMYFUNCTION("""COMPUTED_VALUE"""),"BG48 BPBI 7939 1480 5255 01") -> BG48 BPBI 7939 1480 5255 01 | Q9: =IFERROR(__xludf.DUMMYFUNCTION("""COMPUTED_VALUE"""),44945.0) -> 44945 | S9: =IFERROR(__xludf.DUMMYFUNCTION("""COMPUTED_VALUE"""),"BG207227910") -> BG207227910 | U9: =IFERROR(__xludf.DUMMYFUNCTION("""COMPUTED_VALUE"""),"Eenmanszaak") -> Eenmanszaak | Y9: =IFERROR(__xludf.DUMMYFUNCTION("""COMPUTED_VALUE"""),"Hr.") -> Hr. | Z9: =IFERROR(__xludf.DUMMYFUNCTION("""COMPUTED_VALUE"""),"Svetozar Boyanov") -> Svetozar Boyanov | AA9: =IFERROR(__xludf.DUMMYFUNCTION("""COMPUTED_VALUE"""),"Semerdzhiev") -> Semerdzhiev | AB9: =IFERROR(__xludf.DUMMYFUNCTION("""COMPUTED_VALUE"""),"S.B.") -> S.B. | AC9: =IFERROR(__xludf.DUMMYFUNCTION("""COMPUTED_VALUE"""),7.1062373E9) -> 7106237300 | AD9: =IFERROR(__xludf.DUMMYFUNCTION("""COMPUTED_VALUE"""),26107.0) -> 26107 | AE9: =IFERROR(__xludf.DUMMYFUNCTION("""COMPUTED_VALUE"""),"bg") -> bg | AF9: =IFERROR(__xludf.DUMMYFUNCTION("""COMPUTED_VALUE"""),"Sofia") -> Sofia | AG9: =IFERROR(__xludf.DUMMYFUNCTION("""COMPUTED_VALUE"""),"Hr. S.B. Semerdzhiev") -> Hr. S.B. Semerdzhiev | AJ9: =IFERROR(__xludf.DUMMYFUNCTION("""COMPUTED_VALUE"""),"ID Kaart") -> ID Kaart | AK9: =IFERROR(__xludf.DUMMYFUNCTION("""COMPUTED_VALUE"""),6.49310512E8) -> 649310512 | AL9: =IFERROR(__xludf.DUMMYFUNCTION("""COMPUTED_VALUE"""),47685.0) -> 47685 | AM9: =IFERROR(__xludf.DUMMYFUNCTION("""COMPUTED_VALUE"""),"Bulgarije") -> Bulgarije | AN9: =IFERROR(__xludf.DUMMYFUNCTION("""COMPUTED_VALUE"""),"Svetozar Boyanov Semerdzhiev") -> Svetozar Boyanov Semerdzhiev
A10: =IFERROR(__xludf.DUMMYFUNCTION("""COMPUTED_VALUE"""),"ADI 2018 VOF") -> ADI 2018 VOF | B10: =IFERROR(__xludf.DUMMYFUNCTION("""COMPUTED_VALUE"""),"ADI 2018 VOF") -> ADI 2018 VOF | C10: =IFERROR(__xludf.DUMMYFUNCTION("""COMPUTED_VALUE"""),513.0) -> 513 | D10: =IFERROR(__xludf.DUMMYFUNCTION("""COMPUTED_VALUE"""),"Avram Stoyanov Shopov") -> Avram Stoyanov Shopov | E10: =IFERROR(__xludf.DUMMYFUNCTION("""COMPUTED_VALUE"""),"SBI-code: 4120 - Algemene burgerlijke en utiliteitsbouw") -> SBI-code: 4120 - Algemene burgerlijke en utiliteitsbouw | F10: =IFERROR(__xludf.DUMMYFUNCTION("""COMPUTED_VALUE"""),"0645025254") -> 0645025254 | G10: =IFERROR(__xludf.DUMMYFUNCTION("""COMPUTED_VALUE"""),"anio198@abv.bg") -> anio198@abv.bg | H10: =IFERROR(__xludf.DUMMYFUNCTION("""COMPUTED_VALUE"""),"Jan van der Heydenstraat 4") -> Jan van der Heydenstraat 4 | I10: =IFERROR(__xludf.DUMMYFUNCTION("""COMPUTED_VALUE"""),"2522EP") -> 2522EP | J10: =IFERROR(__xludf.DUMMYFUNCTION("""COMPUTED_VALUE"""),"s-Gravenhage") -> s-Gravenhage | K10: =IFERROR(__xludf.DUMMYFUNCTION("""COMPUTED_VALUE"""),"Nederland") -> Nederland | L10: =IFERROR(__xludf.DUMMYFUNCTION("""COMPUTED_VALUE"""),"Шопов") -> Шопов | M10: =IFERROR(__xludf.DUMMYFUNCTION("""COMPUTED_VALUE"""),43132.0) -> 43132 | N10: =IFERROR(__xludf.DUMMYFUNCTION("""COMPUTED_VALUE"""),"NL858521544B01") -> NL858521544B01 | O10: =IFERROR(__xludf.DUMMYFUNCTION("""COMPUTED_VALUE"""),7.0947279E7) -> 70947279 | P10: =IFERROR(__xludf.DUMMYFUNCTION("""COMPUTED_VALUE"""),"NL24INGB0008227516") -> NL24INGB0008227516 | Q10: =IFERROR(__xludf.DUMMYFUNCTION("""COMPUTED_VALUE"""),43132.0) -> 43132 | S10: =IFERROR(__xludf.DUMMYFUNCTION("""COMPUTED_VALUE"""),"NL858521544B01") -> NL858521544B01 | T10: =IFERROR(__xludf.DUMMYFUNCTION("""COMPUTED_VALUE"""),8.58521544E8) -> 858521544 | U10: =IFERROR(__xludf.DUMMYFUNCTION("""COMPUTED_VALUE"""),"Eenmanszaak") -> Eenmanszaak | V10: =IFERROR(__xludf.DUMMYFUNCTION("""COMPUTED_VALUE"""),"000039172368") -> 000039172368 | W10: =IFERROR(__xludf.DUMMYFUNCTION("""COMPUTED_VALUE"""),"ink.adi2018vof.2288aa@zarabota.nl") -> ink.adi2018vof.2288aa@zarabota.nl | X10: =IFERROR(__xludf.DUMMYFUNCTION("""COMPUTED_VALUE"""),"ver.adi2018vof.2288aa@zarabota.nl") -> ver.adi2018vof.2288aa@zarabota.nl | Y10: =IFERROR(__xludf.DUMMYFUNCTION("""COMPUTED_VALUE"""),"Hr.") -> Hr. | Z10: =IFERROR(__xludf.DUMMYFUNCTION("""COMPUTED_VALUE"""),"Avram Stoyanov") -> Avram Stoyanov | AA10: =IFERROR(__xludf.DUMMYFUNCTION("""COMPUTED_VALUE"""),"Shopov") -> Shopov | AB10: =IFERROR(__xludf.DUMMYFUNCTION("""COMPUTED_VALUE"""),"A.S.") -> A.S. | AC10: =IFERROR(__xludf.DUMMYFUNCTION("""COMPUTED_VALUE"""),5.45568912E8) -> 545568912 | AD10: =IFERROR(__xludf.DUMMYFUNCTION("""COMPUTED_VALUE"""),29558.0) -> 29558 | AE10: =IFERROR(__xludf.DUMMYFUNCTION("""COMPUTED_VALUE"""),"bg") -> bg | AF10: =IFERROR(__xludf.DUMMYFUNCTION("""COMPUTED_VALUE"""),"Plovdiv") -> Plovdiv | AG10: =IFERROR(__xludf.DUMMYFUNCTION("""COMPUTED_VALUE"""),"Hr. A.S. Shopov") -> Hr. A.S. Shopov | AH10: =IFERROR(__xludf.DUMMYFUNCTION("""COMPUTED_VALUE"""),"NL59INGB0705080609") -> NL59INGB0705080609 | AJ10: =IFERROR(__xludf.DUMMYFUNCTION("""COMPUTED_VALUE"""),"ID Kaart") -> ID Kaart | AK10: =IFERROR(__xludf.DUMMYFUNCTION("""COMPUTED_VALUE"""),6.40994702E8) -> 640994702 | AL10: =IFERROR(__xludf.DUMMYFUNCTION("""COMPUTED_VALUE"""),44109.0) -> 44109 | AN10: =IFERROR(__xludf.DUMMYFUNCTION("""COMPUTED_VALUE"""),"Avram Stoyanov Shopov") -> Avram Stoyanov Shopov
A11: =IFERROR(__xludf.DUMMYFUNCTION("""COMPUTED_VALUE"""),"Adi1993") -> Adi1993 | B11: =IFERROR(__xludf.DUMMYFUNCTION("""COMPUTED_VALUE"""),"EXA Deliveries") -> EXA Deliveries | C11: =IFERROR(__xludf.DUMMYFUNCTION("""COMPUTED_VALUE"""),1748.0) -> 1748 | D11: =IFERROR(__xludf.DUMMYFUNCTION("""COMPUTED_VALUE"""),"Emil Adriyanov Yosifov") -> Emil Adriyanov Yosifov | E11: =IFERROR(__xludf.DUMMYFUNCTION("""COMPUTED_VALUE"""),"SBI-code: 4120 - Algemene burgerlijke en utiliteitsbouw") -> SBI-code: 4120 - Algemene burgerlijke en utiliteitsbouw | F11: =IFERROR(__xludf.DUMMYFUNCTION("""COMPUTED_VALUE"""),"0685819208") -> 0685819208 | G11: =IFERROR(__xludf.DUMMYFUNCTION("""COMPUTED_VALUE"""),"u4871973474@gmail.com") -> u4871973474@gmail.com | H11: =IFERROR(__xludf.DUMMYFUNCTION("""COMPUTED_VALUE"""),"Indigostraat 8A") -> Indigostraat 8A | I11: =IFERROR(__xludf.DUMMYFUNCTION("""COMPUTED_VALUE"""),"2563RJ") -> 2563RJ | J11: =IFERROR(__xludf.DUMMYFUNCTION("""COMPUTED_VALUE"""),"s-Gravenhage") -> s-Gravenhage | K11: =IFERROR(__xludf.DUMMYFUNCTION("""COMPUTED_VALUE"""),"Nederland") -> Nederland | L11: =IFERROR(__xludf.DUMMYFUNCTION("""COMPUTED_VALUE"""),"Йосифов") -> Йосифов | M11: =IFERROR(__xludf.DUMMYFUNCTION("""COMPUTED_VALUE"""),44927.0) -> 44927 | N11: =IFERROR(__xludf.DUMMYFUNCTION("""COMPUTED_VALUE"""),"NL301976387B02") -> NL301976387B02 | O11: =IFERROR(__xludf.DUMMYFUNCTION("""COMPUTED_VALUE"""),9.8796623E7) -> 98796623 | P11: =IFERROR(__xludf.DUMMYFUNCTION("""COMPUTED_VALUE"""),"NL71INGB0117513660") -> NL71INGB0117513660 | Q11: =IFERROR(__xludf.DUMMYFUNCTION("""COMPUTED_VALUE"""),45931.0) -> 45931 | S11: =IFERROR(__xludf.DUMMYFUNCTION("""COMPUTED_VALUE"""),"NL005354182B95") -> NL005354182B95 | T11: =IFERROR(__xludf.DUMMYFUNCTION("""COMPUTED_VALUE"""),3.01976387E8) -> 301976387 | U11: =IFERROR(__xludf.DUMMYFUNCTION("""COMPUTED_VALUE"""),"Eenmanszaak") -> Eenmanszaak | V11: =IFERROR(__xludf.DUMMYFUNCTION("""COMPUTED_VALUE"""),"000063935694") -> 000063935694 | W11: =IFERROR(__xludf.DUMMYFUNCTION("""COMPUTED_VALUE"""),"ink.exadeliveries.2288aa@zarabota.nl") -> ink.exadeliveries.2288aa@zarabota.nl | X11: =IFERROR(__xludf.DUMMYFUNCTION("""COMPUTED_VALUE"""),"ver.exadeliveries.2288aa@zarabota.nl") -> ver.exadeliveries.2288aa@zarabota.nl | Y11: =IFERROR(__xludf.DUMMYFUNCTION("""COMPUTED_VALUE"""),"Hr.") -> Hr. | Z11: =IFERROR(__xludf.DUMMYFUNCTION("""COMPUTED_VALUE"""),"Emil Adriyanov") -> Emil Adriyanov | AA11: =IFERROR(__xludf.DUMMYFUNCTION("""COMPUTED_VALUE"""),"Yosifov") -> Yosifov | AB11: =IFERROR(__xludf.DUMMYFUNCTION("""COMPUTED_VALUE"""),"E.A.") -> E.A. | AC11: =IFERROR(__xludf.DUMMYFUNCTION("""COMPUTED_VALUE"""),3.01976387E8) -> 301976387 | AD11: =IFERROR(__xludf.DUMMYFUNCTION("""COMPUTED_VALUE"""),33124.0) -> 33124 | AE11: =IFERROR(__xludf.DUMMYFUNCTION("""COMPUTED_VALUE"""),"bg") -> bg | AF11: =IFERROR(__xludf.DUMMYFUNCTION("""COMPUTED_VALUE"""),"Pleven") -> Pleven | AG11: =IFERROR(__xludf.DUMMYFUNCTION("""COMPUTED_VALUE"""),"Hr. E.A. Yosifov") -> Hr. E.A. Yosifov | AH11: =IFERROR(__xludf.DUMMYFUNCTION("""COMPUTED_VALUE"""),"NL96INGB0111824257") -> NL96INGB0111824257 | AJ11: =IFERROR(__xludf.DUMMYFUNCTION("""COMPUTED_VALUE"""),"ID Kaart") -> ID Kaart | AK11: =IFERROR(__xludf.DUMMYFUNCTION("""COMPUTED_VALUE"""),6.48487253E8) -> 648487253 | AL11: =IFERROR(__xludf.DUMMYFUNCTION("""COMPUTED_VALUE"""),47395.0) -> 47395 | AM11: =IFERROR(__xludf.DUMMYFUNCTION("""COMPUTED_VALUE"""),"Bulgarije") -> Bulgarije | AN11: =IFERROR(__xludf.DUMMYFUNCTION("""COMPUTED_VALUE"""),"Emil Adriyanov Yosifov") -> Emil Adriyanov Yosifov | AO11: =IFERROR(__xludf.DUMMYFUNCTION("""COMPUTED_VALUE"""),1748.0) -> 1748
A12: =IFERROR(__xludf.DUMMYFUNCTION("""COMPUTED_VALUE"""),"AdiMar Bouw") -> AdiMar Bouw | B12: =IFERROR(__xludf.DUMMYFUNCTION("""COMPUTED_VALUE"""),"AdiMar Bouw") -> AdiMar Bouw | C12: =IFERROR(__xludf.DUMMYFUNCTION("""COMPUTED_VALUE"""),1541.0) -> 1541 | D12: =IFERROR(__xludf.DUMMYFUNCTION("""COMPUTED_VALUE"""),"Adrian Marcinczyk") -> Adrian Marcinczyk | E12: =IFERROR(__xludf.DUMMYFUNCTION("""COMPUTED_VALUE"""),"SBI-code: 4120 - Algemene burgerlijke en utiliteitsbouw") -> SBI-code: 4120 - Algemene burgerlijke en utiliteitsbouw | F12: =IFERROR(__xludf.DUMMYFUNCTION("""COMPUTED_VALUE"""),"0687718709") -> 0687718709 | G12: =IFERROR(__xludf.DUMMYFUNCTION("""COMPUTED_VALUE"""),"adrianmarcinczyk5@gmail.com") -> adrianmarcinczyk5@gmail.com | H12: =IFERROR(__xludf.DUMMYFUNCTION("""COMPUTED_VALUE"""),"Obrecht 46") -> Obrecht 46 | I12: =IFERROR(__xludf.DUMMYFUNCTION("""COMPUTED_VALUE"""),"2681JM") -> 2681JM | J12: =IFERROR(__xludf.DUMMYFUNCTION("""COMPUTED_VALUE"""),"s-Gravenhage") -> s-Gravenhage | K12: =IFERROR(__xludf.DUMMYFUNCTION("""COMPUTED_VALUE"""),"Nederland") -> Nederland | L12: =IFERROR(__xludf.DUMMYFUNCTION("""COMPUTED_VALUE"""),"Marcinczyk") -> Marcinczyk | M12: =IFERROR(__xludf.DUMMYFUNCTION("""COMPUTED_VALUE"""),45180.0) -> 45180 | N12: =IFERROR(__xludf.DUMMYFUNCTION("""COMPUTED_VALUE"""),"NL664233387B01") -> NL664233387B01 | O12: =IFERROR(__xludf.DUMMYFUNCTION("""COMPUTED_VALUE"""),9.1673569E7) -> 91673569 | P12: =IFERROR(__xludf.DUMMYFUNCTION("""COMPUTED_VALUE"""),"NL43INGB0102660263") -> NL43INGB0102660263 | Q12: =IFERROR(__xludf.DUMMYFUNCTION("""COMPUTED_VALUE"""),45215.0) -> 45215 | S12: =IFERROR(__xludf.DUMMYFUNCTION("""COMPUTED_VALUE"""),"NL004907918B89") -> NL004907918B89 | T12: =IFERROR(__xludf.DUMMYFUNCTION("""COMPUTED_VALUE"""),6.64233387E8) -> 664233387 | U12: =IFERROR(__xludf.DUMMYFUNCTION("""COMPUTED_VALUE"""),"Eenmanszaak") -> Eenmanszaak | V12: =IFERROR(__xludf.DUMMYFUNCTION("""COMPUTED_VALUE"""),"000057337411") -> 000057337411 | W12: =IFERROR(__xludf.DUMMYFUNCTION("""COMPUTED_VALUE"""),"ink.adimar.2288aa@zarabota.nl") -> ink.adimar.2288aa@zarabota.nl | X12: =IFERROR(__xludf.DUMMYFUNCTION("""COMPUTED_VALUE"""),"ver.adimar.2288aa@zarabota.nl") -> ver.adimar.2288aa@zarabota.nl | Y12: =IFERROR(__xludf.DUMMYFUNCTION("""COMPUTED_VALUE"""),"Hr.") -> Hr. | Z12: =IFERROR(__xludf.DUMMYFUNCTION("""COMPUTED_VALUE"""),"Adrian") -> Adrian | AA12: =IFERROR(__xludf.DUMMYFUNCTION("""COMPUTED_VALUE"""),"Marcinczyk") -> Marcinczyk | AB12: =IFERROR(__xludf.DUMMYFUNCTION("""COMPUTED_VALUE"""),"A.") -> A. | AC12: =IFERROR(__xludf.DUMMYFUNCTION("""COMPUTED_VALUE"""),6.64233387E8) -> 664233387 | AD12: =IFERROR(__xludf.DUMMYFUNCTION("""COMPUTED_VALUE"""),37883.0) -> 37883 | AE12: =IFERROR(__xludf.DUMMYFUNCTION("""COMPUTED_VALUE"""),"pl") -> pl | AF12: =IFERROR(__xludf.DUMMYFUNCTION("""COMPUTED_VALUE"""),"Bialystok") -> Bialystok | AG12: =IFERROR(__xludf.DUMMYFUNCTION("""COMPUTED_VALUE"""),"Hr. A. Marcinczyk") -> Hr. A. Marcinczyk | AH12: =IFERROR(__xludf.DUMMYFUNCTION("""COMPUTED_VALUE"""),"NL64INGB0102659982") -> NL64INGB0102659982 | AJ12: =IFERROR(__xludf.DUMMYFUNCTION("""COMPUTED_VALUE"""),"ID Kaart") -> ID Kaart | AK12: =IFERROR(__xludf.DUMMYFUNCTION("""COMPUTED_VALUE"""),"CAL463693") -> CAL463693 | AL12: =IFERROR(__xludf.DUMMYFUNCTION("""COMPUTED_VALUE"""),45813.0) -> 45813 | AM12: =IFERROR(__xludf.DUMMYFUNCTION("""COMPUTED_VALUE"""),"Polen") -> Polen | AN12: =IFERROR(__xludf.DUMMYFUNCTION("""COMPUTED_VALUE"""),"Adrian Marcinczyk") -> Adrian Marcinczyk | AO12: =IFERROR(__xludf.DUMMYFUNCTION("""COMPUTED_VALUE"""),1541.0) -> 1541
A13: =IFERROR(__xludf.DUMMYFUNCTION("""COMPUTED_VALUE"""),"Adix Bouw") -> Adix Bouw | B13: =IFERROR(__xludf.DUMMYFUNCTION("""COMPUTED_VALUE"""),"Adix Bouw") -> Adix Bouw | C13: =IFERROR(__xludf.DUMMYFUNCTION("""COMPUTED_VALUE"""),1008.0) -> 1008 | D13: =IFERROR(__xludf.DUMMYFUNCTION("""COMPUTED_VALUE"""),"Petar Atanasov Mitev") -> Petar Atanasov Mitev | E13: =IFERROR(__xludf.DUMMYFUNCTION("""COMPUTED_VALUE"""),"SBI-code: 4120 - Algemene burgerlijke en utiliteitsbouw") -> SBI-code: 4120 - Algemene burgerlijke en utiliteitsbouw | F13: =IFERROR(__xludf.DUMMYFUNCTION("""COMPUTED_VALUE"""),"0684809083") -> 0684809083 | G13: =IFERROR(__xludf.DUMMYFUNCTION("""COMPUTED_VALUE"""),"peshoasd85@gmail.com") -> peshoasd85@gmail.com | H13: =IFERROR(__xludf.DUMMYFUNCTION("""COMPUTED_VALUE"""),"Hoefkade 491A") -> Hoefkade 491A | I13: =IFERROR(__xludf.DUMMYFUNCTION("""COMPUTED_VALUE"""),"2525LA") -> 2525LA | J13: =IFERROR(__xludf.DUMMYFUNCTION("""COMPUTED_VALUE"""),"s-Gravenhage") -> s-Gravenhage | K13: =IFERROR(__xludf.DUMMYFUNCTION("""COMPUTED_VALUE"""),"Nederland") -> Nederland | L13: =IFERROR(__xludf.DUMMYFUNCTION("""COMPUTED_VALUE"""),"Митев") -> Митев | M13: =IFERROR(__xludf.DUMMYFUNCTION("""COMPUTED_VALUE"""),44033.0) -> 44033 | N13: =IFERROR(__xludf.DUMMYFUNCTION("""COMPUTED_VALUE"""),"NL360984940B01") -> NL360984940B01 | O13: =IFERROR(__xludf.DUMMYFUNCTION("""COMPUTED_VALUE"""),7.8629713E7) -> 78629713 | P13: =IFERROR(__xludf.DUMMYFUNCTION("""COMPUTED_VALUE"""),"NL02INGB0007944381") -> NL02INGB0007944381 | Q13: =IFERROR(__xludf.DUMMYFUNCTION("""COMPUTED_VALUE"""),44033.0) -> 44033 | S13: =IFERROR(__xludf.DUMMYFUNCTION("""COMPUTED_VALUE"""),"NL003357920B16") -> NL003357920B16 | T13: =IFERROR(__xludf.DUMMYFUNCTION("""COMPUTED_VALUE"""),3.6098494E8) -> 360984940 | U13: =IFERROR(__xludf.DUMMYFUNCTION("""COMPUTED_VALUE"""),"Eenmanszaak") -> Eenmanszaak | V13: =IFERROR(__xludf.DUMMYFUNCTION("""COMPUTED_VALUE"""),"000046241558") -> 000046241558 | W13: =IFERROR(__xludf.DUMMYFUNCTION("""COMPUTED_VALUE"""),"ink.adixbouw.2288aa@zarabota.nl") -> ink.adixbouw.2288aa@zarabota.nl | X13: =IFERROR(__xludf.DUMMYFUNCTION("""COMPUTED_VALUE"""),"ver.adixbouw.2288aa@zarabota.nl") -> ver.adixbouw.2288aa@zarabota.nl | Y13: =IFERROR(__xludf.DUMMYFUNCTION("""COMPUTED_VALUE"""),"Hr.") -> Hr. | Z13: =IFERROR(__xludf.DUMMYFUNCTION("""COMPUTED_VALUE"""),"Petar Atanasov") -> Petar Atanasov | AA13: =IFERROR(__xludf.DUMMYFUNCTION("""COMPUTED_VALUE"""),"Mitev") -> Mitev | AB13: =IFERROR(__xludf.DUMMYFUNCTION("""COMPUTED_VALUE"""),"P.A.") -> P.A. | AC13: =IFERROR(__xludf.DUMMYFUNCTION("""COMPUTED_VALUE"""),3.6098494E8) -> 360984940 | AD13: =IFERROR(__xludf.DUMMYFUNCTION("""COMPUTED_VALUE"""),31271.0) -> 31271 | AE13: =IFERROR(__xludf.DUMMYFUNCTION("""COMPUTED_VALUE"""),"bg") -> bg | AF13: =IFERROR(__xludf.DUMMYFUNCTION("""COMPUTED_VALUE"""),"Haskovo") -> Haskovo | AG13: =IFERROR(__xludf.DUMMYFUNCTION("""COMPUTED_VALUE"""),"Hr. P.A. Mitev") -> Hr. P.A. Mitev | AH13: =IFERROR(__xludf.DUMMYFUNCTION("""COMPUTED_VALUE"""),"NL61INGB0799586218") -> NL61INGB0799586218 | AI13: =IFERROR(__xludf.DUMMYFUNCTION("""COMPUTED_VALUE"""),44028.0) -> 44028 | AJ13: =IFERROR(__xludf.DUMMYFUNCTION("""COMPUTED_VALUE"""),"ID Kaart") -> ID Kaart | AK13: =IFERROR(__xludf.DUMMYFUNCTION("""COMPUTED_VALUE"""),6.44982971E8) -> 644982971 | AL13: =IFERROR(__xludf.DUMMYFUNCTION("""COMPUTED_VALUE"""),45290.0) -> 45290 | AM13: =IFERROR(__xludf.DUMMYFUNCTION("""COMPUTED_VALUE"""),"Bulgarije") -> Bulgarije | AN13: =IFERROR(__xludf.DUMMYFUNCTION("""COMPUTED_VALUE"""),"Petar Atanasov Mitev") -> Petar Atanasov Mitev
A14: =IFERROR(__xludf.DUMMYFUNCTION("""COMPUTED_VALUE"""),"AFM Bouw") -> AFM Bouw | B14: =IFERROR(__xludf.DUMMYFUNCTION("""COMPUTED_VALUE"""),"AFM Bouw") -> AFM Bouw | C14: =IFERROR(__xludf.DUMMYFUNCTION("""COMPUTED_VALUE"""),9.0) -> 9 | D14: =IFERROR(__xludf.DUMMYFUNCTION("""COMPUTED_VALUE"""),"Milcho Yuriev Filipov") -> Milcho Yuriev Filipov | E14: =IFERROR(__xludf.DUMMYFUNCTION("""COMPUTED_VALUE"""),"SBI-code: 4120 - Algemene burgerlijke en utiliteitsbouw") -> SBI-code: 4120 - Algemene burgerlijke en utiliteitsbouw | F14: =IFERROR(__xludf.DUMMYFUNCTION("""COMPUTED_VALUE"""),"0620479796") -> 0620479796 | G14: =IFERROR(__xludf.DUMMYFUNCTION("""COMPUTED_VALUE"""),"amfbouw1@gmail.com") -> amfbouw1@gmail.com | H14: =IFERROR(__xludf.DUMMYFUNCTION("""COMPUTED_VALUE"""),"Van Diesenstraat 255") -> Van Diesenstraat 255 | I14: =IFERROR(__xludf.DUMMYFUNCTION("""COMPUTED_VALUE"""),"2521EH") -> 2521EH | J14: =IFERROR(__xludf.DUMMYFUNCTION("""COMPUTED_VALUE"""),"s-Gravenhage") -> s-Gravenhage | K14: =IFERROR(__xludf.DUMMYFUNCTION("""COMPUTED_VALUE"""),"Nederland") -> Nederland | L14: =IFERROR(__xludf.DUMMYFUNCTION("""COMPUTED_VALUE"""),"Филипов") -> Филипов | M14: =IFERROR(__xludf.DUMMYFUNCTION("""COMPUTED_VALUE"""),43175.0) -> 43175 | N14: =IFERROR(__xludf.DUMMYFUNCTION("""COMPUTED_VALUE"""),"NL425616083B01") -> NL425616083B01 | O14: =IFERROR(__xludf.DUMMYFUNCTION("""COMPUTED_VALUE"""),5.6661371E7) -> 56661371 | P14: =IFERROR(__xludf.DUMMYFUNCTION("""COMPUTED_VALUE"""),"NL03INGB0006326500") -> NL03INGB0006326500 | Q14: =IFERROR(__xludf.DUMMYFUNCTION("""COMPUTED_VALUE"""),41257.0) -> 41257 | S14: =IFERROR(__xludf.DUMMYFUNCTION("""COMPUTED_VALUE"""),"NL002482305B77") -> NL002482305B77 | T14: =IFERROR(__xludf.DUMMYFUNCTION("""COMPUTED_VALUE"""),4.25616083E8) -> 425616083 | U14: =IFERROR(__xludf.DUMMYFUNCTION("""COMPUTED_VALUE"""),"Eenmanszaak") -> Eenmanszaak | V14: =IFERROR(__xludf.DUMMYFUNCTION("""COMPUTED_VALUE"""),"000026189860") -> 000026189860 | W14: =IFERROR(__xludf.DUMMYFUNCTION("""COMPUTED_VALUE"""),"ink.afmbouw.2288aa@zarabota.nl") -> ink.afmbouw.2288aa@zarabota.nl | X14: =IFERROR(__xludf.DUMMYFUNCTION("""COMPUTED_VALUE"""),"ver.afmbouw.2288aa@zarabota.nl") -> ver.afmbouw.2288aa@zarabota.nl | Y14: =IFERROR(__xludf.DUMMYFUNCTION("""COMPUTED_VALUE"""),"Hr.") -> Hr. | Z14: =IFERROR(__xludf.DUMMYFUNCTION("""COMPUTED_VALUE"""),"Milcho Yuriev") -> Milcho Yuriev | AA14: =IFERROR(__xludf.DUMMYFUNCTION("""COMPUTED_VALUE"""),"Filipov") -> Filipov | AB14: =IFERROR(__xludf.DUMMYFUNCTION("""COMPUTED_VALUE"""),"M.Y.") -> M.Y. | AC14: =IFERROR(__xludf.DUMMYFUNCTION("""COMPUTED_VALUE"""),4.25616083E8) -> 425616083 | AD14: =IFERROR(__xludf.DUMMYFUNCTION("""COMPUTED_VALUE"""),26169.0) -> 26169 | AE14: =IFERROR(__xludf.DUMMYFUNCTION("""COMPUTED_VALUE"""),"bg") -> bg | AF14: =IFERROR(__xludf.DUMMYFUNCTION("""COMPUTED_VALUE"""),"Kardzhali") -> Kardzhali | AG14: =IFERROR(__xludf.DUMMYFUNCTION("""COMPUTED_VALUE"""),"Hr. M.Y. Filipov") -> Hr. M.Y. Filipov | AH14: =IFERROR(__xludf.DUMMYFUNCTION("""COMPUTED_VALUE"""),"NL91INGB0676668151") -> NL91INGB0676668151 | AI14: =IFERROR(__xludf.DUMMYFUNCTION("""COMPUTED_VALUE"""),41247.0) -> 41247 | AJ14: =IFERROR(__xludf.DUMMYFUNCTION("""COMPUTED_VALUE"""),"ID Kaart") -> ID Kaart | AK14: =IFERROR(__xludf.DUMMYFUNCTION("""COMPUTED_VALUE"""),6.44788891E8) -> 644788891 | AL14: =IFERROR(__xludf.DUMMYFUNCTION("""COMPUTED_VALUE"""),45202.0) -> 45202 | AN14: =IFERROR(__xludf.DUMMYFUNCTION("""COMPUTED_VALUE"""),"Milcho Yuriev Filipov") -> Milcho Yuriev Filipov
A15: =IFERROR(__xludf.DUMMYFUNCTION("""COMPUTED_VALUE"""),"Agora Boekhouding") -> Agora Boekhouding | B15: =IFERROR(__xludf.DUMMYFUNCTION("""COMPUTED_VALUE"""),"Agora Boekhouding - KOR per 01-04-2023") -> Agora Boekhouding - KOR per 01-04-2023 | C15: =IFERROR(__xludf.DUMMYFUNCTION("""COMPUTED_VALUE"""),902.0) -> 902 | D15: =IFERROR(__xludf.DUMMYFUNCTION("""COMPUTED_VALUE"""),"Hristina Atanasova Tyankova") -> Hristina Atanasova Tyankova | E15: =IFERROR(__xludf.DUMMYFUNCTION("""COMPUTED_VALUE"""),"SBI-code: 4120 - Algemene burgerlijke en utiliteitsbouw") -> SBI-code: 4120 - Algemene burgerlijke en utiliteitsbouw | F15: =IFERROR(__xludf.DUMMYFUNCTION("""COMPUTED_VALUE"""),"0611584401") -> 0611584401 | H15: =IFERROR(__xludf.DUMMYFUNCTION("""COMPUTED_VALUE"""),"Burgemeester Elsenlaan 329") -> Burgemeester Elsenlaan 329 | I15: =IFERROR(__xludf.DUMMYFUNCTION("""COMPUTED_VALUE"""),"2282MZ") -> 2282MZ | J15: =IFERROR(__xludf.DUMMYFUNCTION("""COMPUTED_VALUE"""),"s-Gravenhage") -> s-Gravenhage | K15: =IFERROR(__xludf.DUMMYFUNCTION("""COMPUTED_VALUE"""),"Nederland") -> Nederland | L15: =IFERROR(__xludf.DUMMYFUNCTION("""COMPUTED_VALUE"""),"Тянкова") -> Тянкова | M15: =IFERROR(__xludf.DUMMYFUNCTION("""COMPUTED_VALUE"""),42342.0) -> 42342 | N15: =IFERROR(__xludf.DUMMYFUNCTION("""COMPUTED_VALUE"""),"NL255501377B01") -> NL255501377B01 | O15: =IFERROR(__xludf.DUMMYFUNCTION("""COMPUTED_VALUE"""),5.9682132E7) -> 59682132 | P15: =IFERROR(__xludf.DUMMYFUNCTION("""COMPUTED_VALUE"""),"NL69ABNA0452140471") -> NL69ABNA0452140471 | Q15: =IFERROR(__xludf.DUMMYFUNCTION("""COMPUTED_VALUE"""),41649.0) -> 41649 | S15: =IFERROR(__xludf.DUMMYFUNCTION("""COMPUTED_VALUE"""),"NL002447245B76") -> NL002447245B76 | T15: =IFERROR(__xludf.DUMMYFUNCTION("""COMPUTED_VALUE"""),2.55501377E8) -> 255501377 | U15: =IFERROR(__xludf.DUMMYFUNCTION("""COMPUTED_VALUE"""),"Eenmanszaak") -> Eenmanszaak | V15: =IFERROR(__xludf.DUMMYFUNCTION("""COMPUTED_VALUE"""),"000028948882") -> 000028948882 | W15: =IFERROR(__xludf.DUMMYFUNCTION("""COMPUTED_VALUE"""),"ink.agoraboekhouding.2288aa@zarabota.nl") -> ink.agoraboekhouding.2288aa@zarabota.nl | X15: =IFERROR(__xludf.DUMMYFUNCTION("""COMPUTED_VALUE"""),"ver.agoraboekhouding.2288aa@zarabota.nl") -> ver.agoraboekhouding.2288aa@zarabota.nl | Y15: =IFERROR(__xludf.DUMMYFUNCTION("""COMPUTED_VALUE"""),"Mw.") -> Mw. | Z15: =IFERROR(__xludf.DUMMYFUNCTION("""COMPUTED_VALUE"""),"Hristina Atanasova") -> Hristina Atanasova | AA15: =IFERROR(__xludf.DUMMYFUNCTION("""COMPUTED_VALUE"""),"Tyankova") -> Tyankova | AB15: =IFERROR(__xludf.DUMMYFUNCTION("""COMPUTED_VALUE"""),"H.A.") -> H.A. | AC15: =IFERROR(__xludf.DUMMYFUNCTION("""COMPUTED_VALUE"""),2.55501377E8) -> 255501377 | AD15: =IFERROR(__xludf.DUMMYFUNCTION("""COMPUTED_VALUE"""),25518.0) -> 25518 | AE15: =IFERROR(__xludf.DUMMYFUNCTION("""COMPUTED_VALUE"""),"bg") -> bg | AF15: =IFERROR(__xludf.DUMMYFUNCTION("""COMPUTED_VALUE"""),"Asenovgrad") -> Asenovgrad | AG15: =IFERROR(__xludf.DUMMYFUNCTION("""COMPUTED_VALUE"""),"Mw. H.A. Tyankova") -> Mw. H.A. Tyankova | AM15: =IFERROR(__xludf.DUMMYFUNCTION("""COMPUTED_VALUE"""),"Bulgarije") -> Bulgarije | AN15: =IFERROR(__xludf.DUMMYFUNCTION("""COMPUTED_VALUE"""),"Hristina Atanasova Tyankova") -> Hristina Atanasova Tyankova
A16: =IFERROR(__xludf.DUMMYFUNCTION("""COMPUTED_VALUE"""),"AHF31") -> AHF31 | B16: =IFERROR(__xludf.DUMMYFUNCTION("""COMPUTED_VALUE"""),"AHF31 - KOR") -> AHF31 - KOR | C16: =IFERROR(__xludf.DUMMYFUNCTION("""COMPUTED_VALUE"""),685.0) -> 685 | D16: =IFERROR(__xludf.DUMMYFUNCTION("""COMPUTED_VALUE"""),"Anka Hubenova Filipova") -> Anka Hubenova Filipova | E16: =IFERROR(__xludf.DUMMYFUNCTION("""COMPUTED_VALUE"""),"SBI-code: 4120 - Algemene burgerlijke en utiliteitsbouw") -> SBI-code: 4120 - Algemene burgerlijke en utiliteitsbouw | F16: =IFERROR(__xludf.DUMMYFUNCTION("""COMPUTED_VALUE"""),"0657454758") -> 0657454758 | G16: =IFERROR(__xludf.DUMMYFUNCTION("""COMPUTED_VALUE"""),"ahfilipova31@gmail.com") -> ahfilipova31@gmail.com | H16: =IFERROR(__xludf.DUMMYFUNCTION("""COMPUTED_VALUE"""),"Van Diesenstraat 255") -> Van Diesenstraat 255 | I16: =IFERROR(__xludf.DUMMYFUNCTION("""COMPUTED_VALUE"""),"2521EH") -> 2521EH | J16: =IFERROR(__xludf.DUMMYFUNCTION("""COMPUTED_VALUE"""),"s-Gravenhage") -> s-Gravenhage | K16: =IFERROR(__xludf.DUMMYFUNCTION("""COMPUTED_VALUE"""),"Nederland") -> Nederland | L16: =IFERROR(__xludf.DUMMYFUNCTION("""COMPUTED_VALUE"""),"Филипова") -> Филипова | M16: =IFERROR(__xludf.DUMMYFUNCTION("""COMPUTED_VALUE"""),43466.0) -> 43466 | N16: =IFERROR(__xludf.DUMMYFUNCTION("""COMPUTED_VALUE"""),"NL611922071B01") -> NL611922071B01 | O16: =IFERROR(__xludf.DUMMYFUNCTION("""COMPUTED_VALUE"""),7.3721948E7) -> 73721948 | P16: =IFERROR(__xludf.DUMMYFUNCTION("""COMPUTED_VALUE"""),"NL50INGB0008768987") -> NL50INGB0008768987 | Q16: =IFERROR(__xludf.DUMMYFUNCTION("""COMPUTED_VALUE"""),43466.0) -> 43466 | S16: =IFERROR(__xludf.DUMMYFUNCTION("""COMPUTED_VALUE"""),"NL002507747B19") -> NL002507747B19 | T16: =IFERROR(__xludf.DUMMYFUNCTION("""COMPUTED_VALUE"""),6.11922071E8) -> 611922071 | U16: =IFERROR(__xludf.DUMMYFUNCTION("""COMPUTED_VALUE"""),"Eenmanszaak") -> Eenmanszaak | V16: =IFERROR(__xludf.DUMMYFUNCTION("""COMPUTED_VALUE"""),"000041730836") -> 000041730836 | W16: =IFERROR(__xludf.DUMMYFUNCTION("""COMPUTED_VALUE"""),"ink.ahf31.2288aa@zarabota.nl") -> ink.ahf31.2288aa@zarabota.nl | X16: =IFERROR(__xludf.DUMMYFUNCTION("""COMPUTED_VALUE"""),"ver.ahf31.2288aa@zarabota.nl") -> ver.ahf31.2288aa@zarabota.nl | Y16: =IFERROR(__xludf.DUMMYFUNCTION("""COMPUTED_VALUE"""),"Mw.") -> Mw. | Z16: =IFERROR(__xludf.DUMMYFUNCTION("""COMPUTED_VALUE"""),"Anka Hubenova") -> Anka Hubenova | AA16: =IFERROR(__xludf.DUMMYFUNCTION("""COMPUTED_VALUE"""),"Filipova") -> Filipova | AB16: =IFERROR(__xludf.DUMMYFUNCTION("""COMPUTED_VALUE"""),"A.H.") -> A.H. | AC16: =IFERROR(__xludf.DUMMYFUNCTION("""COMPUTED_VALUE"""),6.11922071E8) -> 611922071 | AD16: =IFERROR(__xludf.DUMMYFUNCTION("""COMPUTED_VALUE"""),26298.0) -> 26298 | AE16: =IFERROR(__xludf.DUMMYFUNCTION("""COMPUTED_VALUE"""),"bg") -> bg | AF16: =IFERROR(__xludf.DUMMYFUNCTION("""COMPUTED_VALUE"""),"Avren") -> Avren | AG16: =IFERROR(__xludf.DUMMYFUNCTION("""COMPUTED_VALUE"""),"Mw. A.H. Filipova") -> Mw. A.H. Filipova | AN16: =IFERROR(__xludf.DUMMYFUNCTION("""COMPUTED_VALUE"""),"Anka Hubenova Filipova") -> Anka Hubenova Filipova
A17: =IFERROR(__xludf.DUMMYFUNCTION("""COMPUTED_VALUE"""),"Ahmed 82") -> Ahmed 82 | B17: =IFERROR(__xludf.DUMMYFUNCTION("""COMPUTED_VALUE"""),"Ahmed 82") -> Ahmed 82 | C17: =IFERROR(__xludf.DUMMYFUNCTION("""COMPUTED_VALUE"""),426.0) -> 426 | D17: =IFERROR(__xludf.DUMMYFUNCTION("""COMPUTED_VALUE"""),"Ahmed Hilmi Kenan") -> Ahmed Hilmi Kenan | E17: =IFERROR(__xludf.DUMMYFUNCTION("""COMPUTED_VALUE"""),"SBI-code: 4120 - Algemene burgerlijke en utiliteitsbouw") -> SBI-code: 4120 - Algemene burgerlijke en utiliteitsbouw | F17: =IFERROR(__xludf.DUMMYFUNCTION("""COMPUTED_VALUE"""),"0645089701") -> 0645089701 | G17: =IFERROR(__xludf.DUMMYFUNCTION("""COMPUTED_VALUE"""),"ahmedkenan82@gmail.com") -> ahmedkenan82@gmail.com | H17: =IFERROR(__xludf.DUMMYFUNCTION("""COMPUTED_VALUE"""),"Barneveldstraat 17") -> Barneveldstraat 17 | I17: =IFERROR(__xludf.DUMMYFUNCTION("""COMPUTED_VALUE"""),"2573WB") -> 2573WB | J17: =IFERROR(__xludf.DUMMYFUNCTION("""COMPUTED_VALUE"""),"s-Gravenhage") -> s-Gravenhage | K17: =IFERROR(__xludf.DUMMYFUNCTION("""COMPUTED_VALUE"""),"Nederland") -> Nederland | L17: =IFERROR(__xludf.DUMMYFUNCTION("""COMPUTED_VALUE"""),"Кенан") -> Кенан | M17: =IFERROR(__xludf.DUMMYFUNCTION("""COMPUTED_VALUE"""),43175.0) -> 43175 | N17: =IFERROR(__xludf.DUMMYFUNCTION("""COMPUTED_VALUE"""),"NL655200046B01") -> NL655200046B01 | O17: =IFERROR(__xludf.DUMMYFUNCTION("""COMPUTED_VALUE"""),6.9009449E7) -> 69009449 | P17: =IFERROR(__xludf.DUMMYFUNCTION("""COMPUTED_VALUE"""),"NL46INGB0007822339") -> NL46INGB0007822339 | Q17: =IFERROR(__xludf.DUMMYFUNCTION("""COMPUTED_VALUE"""),42901.0) -> 42901 | S17: =IFERROR(__xludf.DUMMYFUNCTION("""COMPUTED_VALUE"""),"NL002513371B37") -> NL002513371B37 | T17: =IFERROR(__xludf.DUMMYFUNCTION("""COMPUTED_VALUE"""),6.55200046E8) -> 655200046 | U17: =IFERROR(__xludf.DUMMYFUNCTION("""COMPUTED_VALUE"""),"Eenmanszaak") -> Eenmanszaak | V17: =IFERROR(__xludf.DUMMYFUNCTION("""COMPUTED_VALUE"""),"000037400126") -> 000037400126 | W17: =IFERROR(__xludf.DUMMYFUNCTION("""COMPUTED_VALUE"""),"ink.ahmed82.2288aa@zarabota.nl") -> ink.ahmed82.2288aa@zarabota.nl | X17: =IFERROR(__xludf.DUMMYFUNCTION("""COMPUTED_VALUE"""),"ver.ahmed82.2288aa@zarabota.nl") -> ver.ahmed82.2288aa@zarabota.nl | Y17: =IFERROR(__xludf.DUMMYFUNCTION("""COMPUTED_VALUE"""),"Hr.") -> Hr. | Z17: =IFERROR(__xludf.DUMMYFUNCTION("""COMPUTED_VALUE"""),"Ahmed Hilmi") -> Ahmed Hilmi | AA17: =IFERROR(__xludf.DUMMYFUNCTION("""COMPUTED_VALUE"""),"Kenan") -> Kenan | AB17: =IFERROR(__xludf.DUMMYFUNCTION("""COMPUTED_VALUE"""),"A.H.") -> A.H. | AC17: =IFERROR(__xludf.DUMMYFUNCTION("""COMPUTED_VALUE"""),6.55200046E8) -> 655200046 | AD17: =IFERROR(__xludf.DUMMYFUNCTION("""COMPUTED_VALUE"""),30130.0) -> 30130 | AE17: =IFERROR(__xludf.DUMMYFUNCTION("""COMPUTED_VALUE"""),"bg") -> bg | AF17: =IFERROR(__xludf.DUMMYFUNCTION("""COMPUTED_VALUE"""),"Ardino") -> Ardino | AG17: =IFERROR(__xludf.DUMMYFUNCTION("""COMPUTED_VALUE"""),"Hr. A.H. Kenan") -> Hr. A.H. Kenan | AN17: =IFERROR(__xludf.DUMMYFUNCTION("""COMPUTED_VALUE"""),"Ahmed Hilmi Kenan") -> Ahmed Hilmi Kenan
A18: =IFERROR(__xludf.DUMMYFUNCTION("""COMPUTED_VALUE"""),"Ahmed Hasan Bouw") -> Ahmed Hasan Bouw | B18: =IFERROR(__xludf.DUMMYFUNCTION("""COMPUTED_VALUE"""),"Ahmed Hasan Bouw") -> Ahmed Hasan Bouw | C18: =IFERROR(__xludf.DUMMYFUNCTION("""COMPUTED_VALUE"""),1287.0) -> 1287 | D18: =IFERROR(__xludf.DUMMYFUNCTION("""COMPUTED_VALUE"""),"Nadzhi Ahmed Hasan") -> Nadzhi Ahmed Hasan | E18: =IFERROR(__xludf.DUMMYFUNCTION("""COMPUTED_VALUE"""),"SBI-code: 4120 - Algemene burgerlijke en utiliteitsbouw") -> SBI-code: 4120 - Algemene burgerlijke en utiliteitsbouw | F18: =IFERROR(__xludf.DUMMYFUNCTION("""COMPUTED_VALUE"""),"0684380920") -> 0684380920 | G18: =IFERROR(__xludf.DUMMYFUNCTION("""COMPUTED_VALUE"""),"naciahmed6@gmail.com") -> naciahmed6@gmail.com | H18: =IFERROR(__xludf.DUMMYFUNCTION("""COMPUTED_VALUE"""),"Loosduinsekade 33C") -> Loosduinsekade 33C | I18: =IFERROR(__xludf.DUMMYFUNCTION("""COMPUTED_VALUE"""),"2571BN") -> 2571BN | J18: =IFERROR(__xludf.DUMMYFUNCTION("""COMPUTED_VALUE"""),"s-Gravenhage") -> s-Gravenhage | K18: =IFERROR(__xludf.DUMMYFUNCTION("""COMPUTED_VALUE"""),"Nederland") -> Nederland | L18: =IFERROR(__xludf.DUMMYFUNCTION("""COMPUTED_VALUE"""),"Хасан") -> Хасан | M18: =IFERROR(__xludf.DUMMYFUNCTION("""COMPUTED_VALUE"""),44501.0) -> 44501 | N18: =IFERROR(__xludf.DUMMYFUNCTION("""COMPUTED_VALUE"""),"NL300877559B01") -> NL300877559B01 | O18: =IFERROR(__xludf.DUMMYFUNCTION("""COMPUTED_VALUE"""),8.4361662E7) -> 84361662 | P18: =IFERROR(__xludf.DUMMYFUNCTION("""COMPUTED_VALUE"""),"NL44INGB0674610172") -> NL44INGB0674610172 | Q18: =IFERROR(__xludf.DUMMYFUNCTION("""COMPUTED_VALUE"""),44501.0) -> 44501 | S18: =IFERROR(__xludf.DUMMYFUNCTION("""COMPUTED_VALUE"""),"NL003953164B33") -> NL003953164B33 | T18: =IFERROR(__xludf.DUMMYFUNCTION("""COMPUTED_VALUE"""),3.00877559E8) -> 300877559 | U18: =IFERROR(__xludf.DUMMYFUNCTION("""COMPUTED_VALUE"""),"Eenmanszaak") -> Eenmanszaak | V18: =IFERROR(__xludf.DUMMYFUNCTION("""COMPUTED_VALUE"""),"000050484273") -> 000050484273 | W18: =IFERROR(__xludf.DUMMYFUNCTION("""COMPUTED_VALUE"""),"ink.ahmedhasanbouw@zarabota.nl") -> ink.ahmedhasanbouw@zarabota.nl | X18: =IFERROR(__xludf.DUMMYFUNCTION("""COMPUTED_VALUE"""),"ver.ahmedhasanbouw@zarabota.nl") -> ver.ahmedhasanbouw@zarabota.nl | Y18: =IFERROR(__xludf.DUMMYFUNCTION("""COMPUTED_VALUE"""),"Hr.") -> Hr. | Z18: =IFERROR(__xludf.DUMMYFUNCTION("""COMPUTED_VALUE"""),"Nadzhi Ahmed") -> Nadzhi Ahmed | AA18: =IFERROR(__xludf.DUMMYFUNCTION("""COMPUTED_VALUE"""),"Hasan") -> Hasan | AB18: =IFERROR(__xludf.DUMMYFUNCTION("""COMPUTED_VALUE"""),"N.A.") -> N.A. | AC18: =IFERROR(__xludf.DUMMYFUNCTION("""COMPUTED_VALUE"""),3.00877559E8) -> 300877559 | AD18: =IFERROR(__xludf.DUMMYFUNCTION("""COMPUTED_VALUE"""),25568.0) -> 25568 | AE18: =IFERROR(__xludf.DUMMYFUNCTION("""COMPUTED_VALUE"""),"bg") -> bg | AF18: =IFERROR(__xludf.DUMMYFUNCTION("""COMPUTED_VALUE"""),"Ardino") -> Ardino | AG18: =IFERROR(__xludf.DUMMYFUNCTION("""COMPUTED_VALUE"""),"Hr. N.A. Hasan") -> Hr. N.A. Hasan | AH18: =IFERROR(__xludf.DUMMYFUNCTION("""COMPUTED_VALUE"""),"NL65INGB0390080179") -> NL65INGB0390080179 | AJ18: =IFERROR(__xludf.DUMMYFUNCTION("""COMPUTED_VALUE"""),"ID Kaart") -> ID Kaart | AK18: =IFERROR(__xludf.DUMMYFUNCTION("""COMPUTED_VALUE"""),6.46960283E8) -> 646960283 | AL18: =IFERROR(__xludf.DUMMYFUNCTION("""COMPUTED_VALUE"""),46516.0) -> 46516 | AM18: =IFERROR(__xludf.DUMMYFUNCTION("""COMPUTED_VALUE"""),"Bulgarije") -> Bulgarije | AN18: =IFERROR(__xludf.DUMMYFUNCTION("""COMPUTED_VALUE"""),"Nadzhi Ahmed Hasan") -> Nadzhi Ahmed Hasan | AO18: =IFERROR(__xludf.DUMMYFUNCTION("""COMPUTED_VALUE"""),1287.0) -> 1287
A19: =IFERROR(__xludf.DUMMYFUNCTION("""COMPUTED_VALUE"""),"Akaris") -> Akaris | B19: =IFERROR(__xludf.DUMMYFUNCTION("""COMPUTED_VALUE"""),"Akaris") -> Akaris | C19: =IFERROR(__xludf.DUMMYFUNCTION("""COMPUTED_VALUE"""),827.0) -> 827 | D19: =IFERROR(__xludf.DUMMYFUNCTION("""COMPUTED_VALUE"""),"Yordan Minkov Tsvetkov") -> Yordan Minkov Tsvetkov | E19: =IFERROR(__xludf.DUMMYFUNCTION("""COMPUTED_VALUE"""),"SBI-code: 4120 - Algemene burgerlijke en utiliteitsbouw") -> SBI-code: 4120 - Algemene burgerlijke en utiliteitsbouw | F19: =IFERROR(__xludf.DUMMYFUNCTION("""COMPUTED_VALUE"""),"0633037347") -> 0633037347 | G19: =IFERROR(__xludf.DUMMYFUNCTION("""COMPUTED_VALUE"""),"akaris@abv.bg") -> akaris@abv.bg | H19: =IFERROR(__xludf.DUMMYFUNCTION("""COMPUTED_VALUE"""),"Weimarstraat 60b") -> Weimarstraat 60b | I19: =IFERROR(__xludf.DUMMYFUNCTION("""COMPUTED_VALUE"""),"2562HA") -> 2562HA | J19: =IFERROR(__xludf.DUMMYFUNCTION("""COMPUTED_VALUE"""),"s-Gravenhage") -> s-Gravenhage | K19: =IFERROR(__xludf.DUMMYFUNCTION("""COMPUTED_VALUE"""),"Nederland") -> Nederland | L19: =IFERROR(__xludf.DUMMYFUNCTION("""COMPUTED_VALUE"""),"Цветков") -> Цветков | M19: =IFERROR(__xludf.DUMMYFUNCTION("""COMPUTED_VALUE"""),43668.0) -> 43668 | N19: =IFERROR(__xludf.DUMMYFUNCTION("""COMPUTED_VALUE"""),"NL622062669B01") -> NL622062669B01 | O19: =IFERROR(__xludf.DUMMYFUNCTION("""COMPUTED_VALUE"""),7.5438445E7) -> 75438445 | P19: =IFERROR(__xludf.DUMMYFUNCTION("""COMPUTED_VALUE"""),"NL42INGB0009249475") -> NL42INGB0009249475 | Q19: =IFERROR(__xludf.DUMMYFUNCTION("""COMPUTED_VALUE"""),43668.0) -> 43668 | S19: =IFERROR(__xludf.DUMMYFUNCTION("""COMPUTED_VALUE"""),"NL002509090B57") -> NL002509090B57 | T19: =IFERROR(__xludf.DUMMYFUNCTION("""COMPUTED_VALUE"""),6.22062669E8) -> 622062669 | U19: =IFERROR(__xludf.DUMMYFUNCTION("""COMPUTED_VALUE"""),"Eenmanszaak") -> Eenmanszaak | V19: =IFERROR(__xludf.DUMMYFUNCTION("""COMPUTED_VALUE"""),"000043307493") -> 000043307493 | W19: =IFERROR(__xludf.DUMMYFUNCTION("""COMPUTED_VALUE"""),"ink.akaris.2288aa@zarabota.nl") -> ink.akaris.2288aa@zarabota.nl | X19: =IFERROR(__xludf.DUMMYFUNCTION("""COMPUTED_VALUE"""),"ver.akaris.2288aa@zarabota.nl") -> ver.akaris.2288aa@zarabota.nl | Y19: =IFERROR(__xludf.DUMMYFUNCTION("""COMPUTED_VALUE"""),"Hr.") -> Hr. | Z19: =IFERROR(__xludf.DUMMYFUNCTION("""COMPUTED_VALUE"""),"Yordan Minkov") -> Yordan Minkov | AA19: =IFERROR(__xludf.DUMMYFUNCTION("""COMPUTED_VALUE"""),"Tsvetkov") -> Tsvetkov | AB19: =IFERROR(__xludf.DUMMYFUNCTION("""COMPUTED_VALUE"""),"Y.M.") -> Y.M. | AC19: =IFERROR(__xludf.DUMMYFUNCTION("""COMPUTED_VALUE"""),6.22062669E8) -> 622062669 | AD19: =IFERROR(__xludf.DUMMYFUNCTION("""COMPUTED_VALUE"""),26046.0) -> 26046 | AE19: =IFERROR(__xludf.DUMMYFUNCTION("""COMPUTED_VALUE"""),"bg") -> bg | AF19: =IFERROR(__xludf.DUMMYFUNCTION("""COMPUTED_VALUE"""),"Troyan") -> Troyan | AG19: =IFERROR(__xludf.DUMMYFUNCTION("""COMPUTED_VALUE"""),"Hr. Y.M. Tsvetkov") -> Hr. Y.M. Tsvetkov | AH19: =IFERROR(__xludf.DUMMYFUNCTION("""COMPUTED_VALUE"""),"NL18INGB0795720572") -> NL18INGB0795720572 | AJ19: =IFERROR(__xludf.DUMMYFUNCTION("""COMPUTED_VALUE"""),"ID Kaart") -> ID Kaart | AK19: =IFERROR(__xludf.DUMMYFUNCTION("""COMPUTED_VALUE"""),6.41238571E8) -> 641238571 | AL19: =IFERROR(__xludf.DUMMYFUNCTION("""COMPUTED_VALUE"""),44140.0) -> 44140 | AN19: =IFERROR(__xludf.DUMMYFUNCTION("""COMPUTED_VALUE"""),"Yordan Minkov Tsvetkov") -> Yordan Minkov Tsvetkov
A20: =IFERROR(__xludf.DUMMYFUNCTION("""COMPUTED_VALUE"""),"Aleksi 90") -> Aleksi 90 | B20: =IFERROR(__xludf.DUMMYFUNCTION("""COMPUTED_VALUE"""),"Aleksi 90") -> Aleksi 90 | C20: =IFERROR(__xludf.DUMMYFUNCTION("""COMPUTED_VALUE"""),1168.0) -> 1168 | D20: =IFERROR(__xludf.DUMMYFUNCTION("""COMPUTED_VALUE"""),"Aleksi Aleksandrov Angelov") -> Aleksi Aleksandrov Angelov | E20: =IFERROR(__xludf.DUMMYFUNCTION("""COMPUTED_VALUE"""),"SBI-code: 4120 - Algemene burgerlijke en utiliteitsbouw") -> SBI-code: 4120 - Algemene burgerlijke en utiliteitsbouw | F20: =IFERROR(__xludf.DUMMYFUNCTION("""COMPUTED_VALUE"""),"0613697042") -> 0613697042 | G20: =IFERROR(__xludf.DUMMYFUNCTION("""COMPUTED_VALUE"""),"aleksi_angelov1@hotmail.com") -> aleksi_angelov1@hotmail.com | H20: =IFERROR(__xludf.DUMMYFUNCTION("""COMPUTED_VALUE"""),"Kempenaar 01 48") -> Kempenaar 01 48 | I20: =IFERROR(__xludf.DUMMYFUNCTION("""COMPUTED_VALUE"""),"8242BA") -> 8242BA | J20: =IFERROR(__xludf.DUMMYFUNCTION("""COMPUTED_VALUE"""),"s-Gravenhage") -> s-Gravenhage | K20: =IFERROR(__xludf.DUMMYFUNCTION("""COMPUTED_VALUE"""),"Nederland") -> Nederland | L20: =IFERROR(__xludf.DUMMYFUNCTION("""COMPUTED_VALUE"""),"Ангелов") -> Ангелов | M20: =IFERROR(__xludf.DUMMYFUNCTION("""COMPUTED_VALUE"""),44298.0) -> 44298 | N20: =IFERROR(__xludf.DUMMYFUNCTION("""COMPUTED_VALUE"""),"NL515717435B02") -> NL515717435B02 | O20: =IFERROR(__xludf.DUMMYFUNCTION("""COMPUTED_VALUE"""),8.2642044E7) -> 82642044 | P20: =IFERROR(__xludf.DUMMYFUNCTION("""COMPUTED_VALUE"""),"NL96INGB0008051814") -> NL96INGB0008051814 | Q20: =IFERROR(__xludf.DUMMYFUNCTION("""COMPUTED_VALUE"""),44298.0) -> 44298 | S20: =IFERROR(__xludf.DUMMYFUNCTION("""COMPUTED_VALUE"""),"NL003708714B26") -> NL003708714B26 | T20: =IFERROR(__xludf.DUMMYFUNCTION("""COMPUTED_VALUE"""),5.15717435E8) -> 515717435 | U20: =IFERROR(__xludf.DUMMYFUNCTION("""COMPUTED_VALUE"""),"Eenmanszaak") -> Eenmanszaak | V20: =IFERROR(__xludf.DUMMYFUNCTION("""COMPUTED_VALUE"""),"000048863548") -> 000048863548 | W20: =IFERROR(__xludf.DUMMYFUNCTION("""COMPUTED_VALUE"""),"ink.aleksi90.2288aa@zarabota.nl") -> ink.aleksi90.2288aa@zarabota.nl | X20: =IFERROR(__xludf.DUMMYFUNCTION("""COMPUTED_VALUE"""),"ver.aleksi90.2288aa@zarabota.nl") -> ver.aleksi90.2288aa@zarabota.nl | Y20: =IFERROR(__xludf.DUMMYFUNCTION("""COMPUTED_VALUE"""),"Hr.") -> Hr. | Z20: =IFERROR(__xludf.DUMMYFUNCTION("""COMPUTED_VALUE"""),"Aleksi Aleksandrov") -> Aleksi Aleksandrov | AA20: =IFERROR(__xludf.DUMMYFUNCTION("""COMPUTED_VALUE"""),"Angelov") -> Angelov | AB20: =IFERROR(__xludf.DUMMYFUNCTION("""COMPUTED_VALUE"""),"A.A.") -> A.A. | AC20: =IFERROR(__xludf.DUMMYFUNCTION("""COMPUTED_VALUE"""),5.15717435E8) -> 515717435 | AD20: =IFERROR(__xludf.DUMMYFUNCTION("""COMPUTED_VALUE"""),33057.0) -> 33057 | AE20: =IFERROR(__xludf.DUMMYFUNCTION("""COMPUTED_VALUE"""),"bg") -> bg | AF20: =IFERROR(__xludf.DUMMYFUNCTION("""COMPUTED_VALUE"""),"Cherven Bryag") -> Cherven Bryag | AG20: =IFERROR(__xludf.DUMMYFUNCTION("""COMPUTED_VALUE"""),"Hr. A.A. Angelov") -> Hr. A.A. Angelov | AH20: =IFERROR(__xludf.DUMMYFUNCTION("""COMPUTED_VALUE"""),"NL13INGB0672820692") -> NL13INGB0672820692 | AI20: =IFERROR(__xludf.DUMMYFUNCTION("""COMPUTED_VALUE"""),43557.0) -> 43557 | AJ20: =IFERROR(__xludf.DUMMYFUNCTION("""COMPUTED_VALUE"""),"ID Kaart") -> ID Kaart | AK20: =IFERROR(__xludf.DUMMYFUNCTION("""COMPUTED_VALUE"""),6.50122922E8) -> 650122922 | AL20: =IFERROR(__xludf.DUMMYFUNCTION("""COMPUTED_VALUE"""),47915.0) -> 47915 | AM20: =IFERROR(__xludf.DUMMYFUNCTION("""COMPUTED_VALUE"""),"Bulgarije") -> Bulgarije | AN20: =IFERROR(__xludf.DUMMYFUNCTION("""COMPUTED_VALUE"""),"Aleksi Aleksandrov Angelov") -> Aleksi Aleksandrov Angelov | AO20: =IFERROR(__xludf.DUMMYFUNCTION("""COMPUTED_VALUE"""),1168.0) -> 1168
A21: =IFERROR(__xludf.DUMMYFUNCTION("""COMPUTED_VALUE"""),"Aleksiev.CEM") -> Aleksiev.CEM | B21: =IFERROR(__xludf.DUMMYFUNCTION("""COMPUTED_VALUE"""),"Aleksiev.CEM") -> Aleksiev.CEM | C21: =IFERROR(__xludf.DUMMYFUNCTION("""COMPUTED_VALUE"""),589.0) -> 589 | D21: =IFERROR(__xludf.DUMMYFUNCTION("""COMPUTED_VALUE"""),"Simeon Antonov Aleksiev") -> Simeon Antonov Aleksiev | E21: =IFERROR(__xludf.DUMMYFUNCTION("""COMPUTED_VALUE"""),"SBI-code: 4120 - Algemene burgerlijke en utiliteitsbouw") -> SBI-code: 4120 - Algemene burgerlijke en utiliteitsbouw | F21: =IFERROR(__xludf.DUMMYFUNCTION("""COMPUTED_VALUE"""),"0683928954") -> 0683928954 | G21: =IFERROR(__xludf.DUMMYFUNCTION("""COMPUTED_VALUE"""),"topcusinan1972@gmail.com") -> topcusinan1972@gmail.com | H21: =IFERROR(__xludf.DUMMYFUNCTION("""COMPUTED_VALUE"""),"Van Oosterwijk Bruynstraat 10") -> Van Oosterwijk Bruynstraat 10 | I21: =IFERROR(__xludf.DUMMYFUNCTION("""COMPUTED_VALUE"""),"2523XR") -> 2523XR | J21: =IFERROR(__xludf.DUMMYFUNCTION("""COMPUTED_VALUE"""),"s-Gravenhage") -> s-Gravenhage | K21: =IFERROR(__xludf.DUMMYFUNCTION("""COMPUTED_VALUE"""),"Nederland") -> Nederland | L21: =IFERROR(__xludf.DUMMYFUNCTION("""COMPUTED_VALUE"""),"Алексиев") -> Алексиев | M21: =IFERROR(__xludf.DUMMYFUNCTION("""COMPUTED_VALUE"""),43243.0) -> 43243 | N21: =IFERROR(__xludf.DUMMYFUNCTION("""COMPUTED_VALUE"""),"NL330857848B01") -> NL330857848B01 | O21: =IFERROR(__xludf.DUMMYFUNCTION("""COMPUTED_VALUE"""),7.1731792E7) -> 71731792 | P21: =IFERROR(__xludf.DUMMYFUNCTION("""COMPUTED_VALUE"""),"NL27INGB0008367821") -> NL27INGB0008367821 | Q21: =IFERROR(__xludf.DUMMYFUNCTION("""COMPUTED_VALUE"""),43243.0) -> 43243 | S21: =IFERROR(__xludf.DUMMYFUNCTION("""COMPUTED_VALUE"""),"NL002469903B48") -> NL002469903B48 | T21: =IFERROR(__xludf.DUMMYFUNCTION("""COMPUTED_VALUE"""),3.30857848E8) -> 330857848 | U21: =IFERROR(__xludf.DUMMYFUNCTION("""COMPUTED_VALUE"""),"Eenmanszaak") -> Eenmanszaak | V21: =IFERROR(__xludf.DUMMYFUNCTION("""COMPUTED_VALUE"""),"000039897397") -> 000039897397 | W21: =IFERROR(__xludf.DUMMYFUNCTION("""COMPUTED_VALUE"""),"ink.aleksiev.cem.2288aa@zarabota.nl") -> ink.aleksiev.cem.2288aa@zarabota.nl | X21: =IFERROR(__xludf.DUMMYFUNCTION("""COMPUTED_VALUE"""),"ver.aleksiev.cem.2288aa@zarabota.nl") -> ver.aleksiev.cem.2288aa@zarabota.nl | Y21: =IFERROR(__xludf.DUMMYFUNCTION("""COMPUTED_VALUE"""),"Hr.") -> Hr. | Z21: =IFERROR(__xludf.DUMMYFUNCTION("""COMPUTED_VALUE"""),"Simeon Antonov") -> Simeon Antonov | AA21: =IFERROR(__xludf.DUMMYFUNCTION("""COMPUTED_VALUE"""),"Aleksiev") -> Aleksiev | AB21: =IFERROR(__xludf.DUMMYFUNCTION("""COMPUTED_VALUE"""),"S.A.") -> S.A. | AC21: =IFERROR(__xludf.DUMMYFUNCTION("""COMPUTED_VALUE"""),3.30857848E8) -> 330857848 | AD21: =IFERROR(__xludf.DUMMYFUNCTION("""COMPUTED_VALUE"""),26436.0) -> 26436 | AE21: =IFERROR(__xludf.DUMMYFUNCTION("""COMPUTED_VALUE"""),"bg") -> bg | AF21: =IFERROR(__xludf.DUMMYFUNCTION("""COMPUTED_VALUE"""),"Kardzhali") -> Kardzhali | AG21: =IFERROR(__xludf.DUMMYFUNCTION("""COMPUTED_VALUE"""),"Hr. S.A. Aleksiev") -> Hr. S.A. Aleksiev | AN21: =IFERROR(__xludf.DUMMYFUNCTION("""COMPUTED_VALUE"""),"Simeon Antonov Aleksiev") -> Simeon Antonov Aleksiev
A22: =IFERROR(__xludf.DUMMYFUNCTION("""COMPUTED_VALUE"""),"Alex 84 VOF") -> Alex 84 VOF | B22: =IFERROR(__xludf.DUMMYFUNCTION("""COMPUTED_VALUE"""),"Alex 84 VOF") -> Alex 84 VOF | C22: =IFERROR(__xludf.DUMMYFUNCTION("""COMPUTED_VALUE"""),133.0) -> 133 | D22: =IFERROR(__xludf.DUMMYFUNCTION("""COMPUTED_VALUE"""),"Safet Azizov Zelenkov") -> Safet Azizov Zelenkov | E22: =IFERROR(__xludf.DUMMYFUNCTION("""COMPUTED_VALUE"""),"SBI-code: 4120 - Algemene burgerlijke en utiliteitsbouw") -> SBI-code: 4120 - Algemene burgerlijke en utiliteitsbouw | F22: =IFERROR(__xludf.DUMMYFUNCTION("""COMPUTED_VALUE"""),"0687278889") -> 0687278889 | G22: =IFERROR(__xludf.DUMMYFUNCTION("""COMPUTED_VALUE"""),"zelenkov48@gmail.com") -> zelenkov48@gmail.com | H22: =IFERROR(__xludf.DUMMYFUNCTION("""COMPUTED_VALUE"""),"Spionkopstraat 114") -> Spionkopstraat 114 | I22: =IFERROR(__xludf.DUMMYFUNCTION("""COMPUTED_VALUE"""),"2572NP") -> 2572NP | J22: =IFERROR(__xludf.DUMMYFUNCTION("""COMPUTED_VALUE"""),"s-Gravenhage") -> s-Gravenhage | K22: =IFERROR(__xludf.DUMMYFUNCTION("""COMPUTED_VALUE"""),"Nederland") -> Nederland | L22: =IFERROR(__xludf.DUMMYFUNCTION("""COMPUTED_VALUE"""),"Зеленков") -> Зеленков | M22: =IFERROR(__xludf.DUMMYFUNCTION("""COMPUTED_VALUE"""),43175.0) -> 43175 | N22: =IFERROR(__xludf.DUMMYFUNCTION("""COMPUTED_VALUE"""),"NL854409130B01") -> NL854409130B01 | O22: =IFERROR(__xludf.DUMMYFUNCTION("""COMPUTED_VALUE"""),6.1601802E7) -> 61601802 | P22: =IFERROR(__xludf.DUMMYFUNCTION("""COMPUTED_VALUE"""),"NL28INGB0006941806") -> NL28INGB0006941806 | Q22: =IFERROR(__xludf.DUMMYFUNCTION("""COMPUTED_VALUE"""),41913.0) -> 41913 | S22: =IFERROR(__xludf.DUMMYFUNCTION("""COMPUTED_VALUE"""),"NL854409130B01") -> NL854409130B01 | T22: =IFERROR(__xludf.DUMMYFUNCTION("""COMPUTED_VALUE"""),8.5440913E8) -> 854409130 | U22: =IFERROR(__xludf.DUMMYFUNCTION("""COMPUTED_VALUE"""),"Eenmanszaak") -> Eenmanszaak | V22: =IFERROR(__xludf.DUMMYFUNCTION("""COMPUTED_VALUE"""),"000025224719") -> 000025224719 | W22: =IFERROR(__xludf.DUMMYFUNCTION("""COMPUTED_VALUE"""),"ink.alex84vof.2288aa@zarabota.nl") -> ink.alex84vof.2288aa@zarabota.nl | X22: =IFERROR(__xludf.DUMMYFUNCTION("""COMPUTED_VALUE"""),"ver.alex84vof.2288aa@zarabota.nl") -> ver.alex84vof.2288aa@zarabota.nl | Y22: =IFERROR(__xludf.DUMMYFUNCTION("""COMPUTED_VALUE"""),"Hr.") -> Hr. | Z22: =IFERROR(__xludf.DUMMYFUNCTION("""COMPUTED_VALUE"""),"Safet Azizov") -> Safet Azizov | AA22: =IFERROR(__xludf.DUMMYFUNCTION("""COMPUTED_VALUE"""),"Zelenkov") -> Zelenkov | AB22: =IFERROR(__xludf.DUMMYFUNCTION("""COMPUTED_VALUE"""),"S.A.") -> S.A. | AC22: =IFERROR(__xludf.DUMMYFUNCTION("""COMPUTED_VALUE"""),3.23804615E8) -> 323804615 | AD22: =IFERROR(__xludf.DUMMYFUNCTION("""COMPUTED_VALUE"""),30762.0) -> 30762 | AE22: =IFERROR(__xludf.DUMMYFUNCTION("""COMPUTED_VALUE"""),"bg") -> bg | AF22: =IFERROR(__xludf.DUMMYFUNCTION("""COMPUTED_VALUE"""),"Ardino") -> Ardino | AG22: =IFERROR(__xludf.DUMMYFUNCTION("""COMPUTED_VALUE"""),"Hr. S.A. Zelenkov") -> Hr. S.A. Zelenkov | AN22: =IFERROR(__xludf.DUMMYFUNCTION("""COMPUTED_VALUE"""),"Safet Azizov Zelenkov") -> Safet Azizov Zelenkov
A23: =IFERROR(__xludf.DUMMYFUNCTION("""COMPUTED_VALUE"""),"Alex Kotsarov Bouw") -> Alex Kotsarov Bouw | B23: =IFERROR(__xludf.DUMMYFUNCTION("""COMPUTED_VALUE"""),"Alex Kotsarov Bouw") -> Alex Kotsarov Bouw | C23: =IFERROR(__xludf.DUMMYFUNCTION("""COMPUTED_VALUE"""),1693.0) -> 1693 | D23: =IFERROR(__xludf.DUMMYFUNCTION("""COMPUTED_VALUE"""),"Aleks Anatoliev Kotsarov") -> Aleks Anatoliev Kotsarov | E23: =IFERROR(__xludf.DUMMYFUNCTION("""COMPUTED_VALUE"""),"SBI-code: 4331 - Stukadoren") -> SBI-code: 4331 - Stukadoren | F23: =IFERROR(__xludf.DUMMYFUNCTION("""COMPUTED_VALUE"""),"0644431633") -> 0644431633 | G23: =IFERROR(__xludf.DUMMYFUNCTION("""COMPUTED_VALUE"""),"alexkotsarov93@gmail.com") -> alexkotsarov93@gmail.com | H23: =IFERROR(__xludf.DUMMYFUNCTION("""COMPUTED_VALUE"""),"Loosduinsekade 390") -> Loosduinsekade 390 | I23: =IFERROR(__xludf.DUMMYFUNCTION("""COMPUTED_VALUE"""),"2571CH") -> 2571CH | J23: =IFERROR(__xludf.DUMMYFUNCTION("""COMPUTED_VALUE"""),"s-Gravenhage") -> s-Gravenhage | K23: =IFERROR(__xludf.DUMMYFUNCTION("""COMPUTED_VALUE"""),"Nederland") -> Nederland | L23: =IFERROR(__xludf.DUMMYFUNCTION("""COMPUTED_VALUE"""),"Коцаров") -> Коцаров | M23: =IFERROR(__xludf.DUMMYFUNCTION("""COMPUTED_VALUE"""),45748.0) -> 45748 | N23: =IFERROR(__xludf.DUMMYFUNCTION("""COMPUTED_VALUE"""),"NL355239395B01") -> NL355239395B01 | O23: =IFERROR(__xludf.DUMMYFUNCTION("""COMPUTED_VALUE"""),6.8151764E7) -> 68151764 | P23: =IFERROR(__xludf.DUMMYFUNCTION("""COMPUTED_VALUE"""),"NL28INGB0007649712") -> NL28INGB0007649712 | Q23: =IFERROR(__xludf.DUMMYFUNCTION("""COMPUTED_VALUE"""),42789.0) -> 42789 | S23: =IFERROR(__xludf.DUMMYFUNCTION("""COMPUTED_VALUE"""),"NL002473674B59") -> NL002473674B59 | T23: =IFERROR(__xludf.DUMMYFUNCTION("""COMPUTED_VALUE"""),3.55239395E8) -> 355239395 | U23: =IFERROR(__xludf.DUMMYFUNCTION("""COMPUTED_VALUE"""),"Eenmanszaak") -> Eenmanszaak | V23: =IFERROR(__xludf.DUMMYFUNCTION("""COMPUTED_VALUE"""),"000036618365") -> 000036618365 | W23: =IFERROR(__xludf.DUMMYFUNCTION("""COMPUTED_VALUE"""),"ink.alexkotsarov.2288aa@zarabota.nl") -> ink.alexkotsarov.2288aa@zarabota.nl | X23: =IFERROR(__xludf.DUMMYFUNCTION("""COMPUTED_VALUE"""),"ver.alexkotsarov.2288aa@zarabota.nl") -> ver.alexkotsarov.2288aa@zarabota.nl | Y23: =IFERROR(__xludf.DUMMYFUNCTION("""COMPUTED_VALUE"""),"Hr.") -> Hr. | Z23: =IFERROR(__xludf.DUMMYFUNCTION("""COMPUTED_VALUE"""),"Aleks Anatoliev") -> Aleks Anatoliev | AA23: =IFERROR(__xludf.DUMMYFUNCTION("""COMPUTED_VALUE"""),"Kotsarov") -> Kotsarov | AB23: =IFERROR(__xludf.DUMMYFUNCTION("""COMPUTED_VALUE"""),"A.A.") -> A.A. | AC23: =IFERROR(__xludf.DUMMYFUNCTION("""COMPUTED_VALUE"""),3.55239395E8) -> 355239395 | AD23: =IFERROR(__xludf.DUMMYFUNCTION("""COMPUTED_VALUE"""),34120.0) -> 34120 | AE23: =IFERROR(__xludf.DUMMYFUNCTION("""COMPUTED_VALUE"""),"bg") -> bg | AF23: =IFERROR(__xludf.DUMMYFUNCTION("""COMPUTED_VALUE"""),"Smolyan") -> Smolyan | AG23: =IFERROR(__xludf.DUMMYFUNCTION("""COMPUTED_VALUE"""),"Hr. A.A. Kotsarov") -> Hr. A.A. Kotsarov | AJ23: =IFERROR(__xludf.DUMMYFUNCTION("""COMPUTED_VALUE"""),"ID Kaart") -> ID Kaart | AK23: =IFERROR(__xludf.DUMMYFUNCTION("""COMPUTED_VALUE"""),6.52270431E8) -> 652270431 | AL23: =IFERROR(__xludf.DUMMYFUNCTION("""COMPUTED_VALUE"""),48519.0) -> 48519 | AM23: =IFERROR(__xludf.DUMMYFUNCTION("""COMPUTED_VALUE"""),"Bulgarije") -> Bulgarije | AN23: =IFERROR(__xludf.DUMMYFUNCTION("""COMPUTED_VALUE"""),"Aleks Anatoliev Kotsarov") -> Aleks Anatoliev Kotsarov | AO23: =IFERROR(__xludf.DUMMYFUNCTION("""COMPUTED_VALUE"""),1693.0) -> 1693
A24: =IFERROR(__xludf.DUMMYFUNCTION("""COMPUTED_VALUE"""),"ALEX18 Bouw") -> ALEX18 Bouw | B24: =IFERROR(__xludf.DUMMYFUNCTION("""COMPUTED_VALUE"""),"ALEX18 Bouw") -> ALEX18 Bouw | C24: =IFERROR(__xludf.DUMMYFUNCTION("""COMPUTED_VALUE"""),1673.0) -> 1673 | D24: =IFERROR(__xludf.DUMMYFUNCTION("""COMPUTED_VALUE"""),"Iliyan Mitkov Chonev") -> Iliyan Mitkov Chonev | E24: =IFERROR(__xludf.DUMMYFUNCTION("""COMPUTED_VALUE"""),"SBI-code: 4120 - Algemene burgerlijke en utiliteitsbouw") -> SBI-code: 4120 - Algemene burgerlijke en utiliteitsbouw | F24: =IFERROR(__xludf.DUMMYFUNCTION("""COMPUTED_VALUE"""),"00359897962770") -> 00359897962770 | G24: =IFERROR(__xludf.DUMMYFUNCTION("""COMPUTED_VALUE"""),"iliyan.chonev@gmail.com") -> iliyan.chonev@gmail.com | H24: =IFERROR(__xludf.DUMMYFUNCTION("""COMPUTED_VALUE"""),"Henri ter Hallsingel 88") -> Henri ter Hallsingel 88 | I24: =IFERROR(__xludf.DUMMYFUNCTION("""COMPUTED_VALUE"""),"2284XD") -> 2284XD | J24: =IFERROR(__xludf.DUMMYFUNCTION("""COMPUTED_VALUE"""),"s-Gravenhage") -> s-Gravenhage | K24: =IFERROR(__xludf.DUMMYFUNCTION("""COMPUTED_VALUE"""),"Nederland") -> Nederland | L24: =IFERROR(__xludf.DUMMYFUNCTION("""COMPUTED_VALUE"""),"Чонев") -> Чонев | M24: =IFERROR(__xludf.DUMMYFUNCTION("""COMPUTED_VALUE"""),45582.0) -> 45582 | N24: =IFERROR(__xludf.DUMMYFUNCTION("""COMPUTED_VALUE"""),"NL469329324B01") -> NL469329324B01 | O24: =IFERROR(__xludf.DUMMYFUNCTION("""COMPUTED_VALUE"""),9.540555E7) -> 95405550 | P24: =IFERROR(__xludf.DUMMYFUNCTION("""COMPUTED_VALUE"""),"NL85INGB0107781689") -> NL85INGB0107781689 | Q24: =IFERROR(__xludf.DUMMYFUNCTION("""COMPUTED_VALUE"""),45582.0) -> 45582 | S24: =IFERROR(__xludf.DUMMYFUNCTION("""COMPUTED_VALUE"""),"NL005151288B19") -> NL005151288B19 | T24: =IFERROR(__xludf.DUMMYFUNCTION("""COMPUTED_VALUE"""),4.69329324E8) -> 469329324 | U24: =IFERROR(__xludf.DUMMYFUNCTION("""COMPUTED_VALUE"""),"Eenmanszaak") -> Eenmanszaak | V24: =IFERROR(__xludf.DUMMYFUNCTION("""COMPUTED_VALUE"""),"000060819006") -> 000060819006 | W24: =IFERROR(__xludf.DUMMYFUNCTION("""COMPUTED_VALUE"""),"ink.alex18.2288aa@zarabota.nl") -> ink.alex18.2288aa@zarabota.nl | X24: =IFERROR(__xludf.DUMMYFUNCTION("""COMPUTED_VALUE"""),"ver.alex18.2288aa@zarabota.nl") -> ver.alex18.2288aa@zarabota.nl | Y24: =IFERROR(__xludf.DUMMYFUNCTION("""COMPUTED_VALUE"""),"Hr.") -> Hr. | Z24: =IFERROR(__xludf.DUMMYFUNCTION("""COMPUTED_VALUE"""),"Iliyan Mitkov") -> Iliyan Mitkov | AA24: =IFERROR(__xludf.DUMMYFUNCTION("""COMPUTED_VALUE"""),"Chonev") -> Chonev | AB24: =IFERROR(__xludf.DUMMYFUNCTION("""COMPUTED_VALUE"""),"I.M.") -> I.M. | AC24: =IFERROR(__xludf.DUMMYFUNCTION("""COMPUTED_VALUE"""),4.69329324E8) -> 469329324 | AD24: =IFERROR(__xludf.DUMMYFUNCTION("""COMPUTED_VALUE"""),27041.0) -> 27041 | AE24: =IFERROR(__xludf.DUMMYFUNCTION("""COMPUTED_VALUE"""),"bg") -> bg | AG24: =IFERROR(__xludf.DUMMYFUNCTION("""COMPUTED_VALUE"""),"Hr. I.M. Chonev") -> Hr. I.M. Chonev | AM24: =IFERROR(__xludf.DUMMYFUNCTION("""COMPUTED_VALUE"""),"Bulgarije") -> Bulgarije | AN24: =IFERROR(__xludf.DUMMYFUNCTION("""COMPUTED_VALUE"""),"Iliyan Mitkov Chonev") -> Iliyan Mitkov Chonev | AO24: =IFERROR(__xludf.DUMMYFUNCTION("""COMPUTED_VALUE"""),1673.0) -> 1673
A25: =IFERROR(__xludf.DUMMYFUNCTION("""COMPUTED_VALUE"""),"Alexpro84") -> Alexpro84 | B25: =IFERROR(__xludf.DUMMYFUNCTION("""COMPUTED_VALUE"""),"Alexpro84") -> Alexpro84 | C25: =IFERROR(__xludf.DUMMYFUNCTION("""COMPUTED_VALUE"""),800.0) -> 800 | D25: =IFERROR(__xludf.DUMMYFUNCTION("""COMPUTED_VALUE"""),"Aleksandar Enev Gospodinov") -> Aleksandar Enev Gospodinov | E25: =IFERROR(__xludf.DUMMYFUNCTION("""COMPUTED_VALUE"""),"SBI-code: 4120 - Algemene burgerlijke en utiliteitsbouw") -> SBI-code: 4120 - Algemene burgerlijke en utiliteitsbouw | F25: =IFERROR(__xludf.DUMMYFUNCTION("""COMPUTED_VALUE"""),"0684134444") -> 0684134444 | G25: =IFERROR(__xludf.DUMMYFUNCTION("""COMPUTED_VALUE"""),"aleksandyr_g@abv.bg") -> aleksandyr_g@abv.bg | H25: =IFERROR(__xludf.DUMMYFUNCTION("""COMPUTED_VALUE"""),"Schwerinkade 49") -> Schwerinkade 49 | I25: =IFERROR(__xludf.DUMMYFUNCTION("""COMPUTED_VALUE"""),"2552RR") -> 2552RR | J25: =IFERROR(__xludf.DUMMYFUNCTION("""COMPUTED_VALUE"""),"s-Gravenhage") -> s-Gravenhage | K25: =IFERROR(__xludf.DUMMYFUNCTION("""COMPUTED_VALUE"""),"Nederland") -> Nederland | L25: =IFERROR(__xludf.DUMMYFUNCTION("""COMPUTED_VALUE"""),"Господинов") -> Господинов | M25: =IFERROR(__xludf.DUMMYFUNCTION("""COMPUTED_VALUE"""),43605.0) -> 43605 | N25: =IFERROR(__xludf.DUMMYFUNCTION("""COMPUTED_VALUE"""),"NL566748058B01") -> NL566748058B01 | O25: =IFERROR(__xludf.DUMMYFUNCTION("""COMPUTED_VALUE"""),7.4810286E7) -> 74810286 | P25: =IFERROR(__xludf.DUMMYFUNCTION("""COMPUTED_VALUE"""),"NL76INGB0009431902") -> NL76INGB0009431902 | Q25: =IFERROR(__xludf.DUMMYFUNCTION("""COMPUTED_VALUE"""),43605.0) -> 43605 | S25: =IFERROR(__xludf.DUMMYFUNCTION("""COMPUTED_VALUE"""),"NL002501280B22") -> NL002501280B22 | T25: =IFERROR(__xludf.DUMMYFUNCTION("""COMPUTED_VALUE"""),5.66748058E8) -> 566748058 | U25: =IFERROR(__xludf.DUMMYFUNCTION("""COMPUTED_VALUE"""),"Eenmanszaak") -> Eenmanszaak | V25: =IFERROR(__xludf.DUMMYFUNCTION("""COMPUTED_VALUE"""),"000042740851") -> 000042740851 | W25: =IFERROR(__xludf.DUMMYFUNCTION("""COMPUTED_VALUE"""),"ink.alexpro84.2288aa@zarabota.nl") -> ink.alexpro84.2288aa@zarabota.nl | X25: =IFERROR(__xludf.DUMMYFUNCTION("""COMPUTED_VALUE"""),"ver.alexpro84.2288aa@zarabota.nl") -> ver.alexpro84.2288aa@zarabota.nl | Y25: =IFERROR(__xludf.DUMMYFUNCTION("""COMPUTED_VALUE"""),"Hr.") -> Hr. | Z25: =IFERROR(__xludf.DUMMYFUNCTION("""COMPUTED_VALUE"""),"Aleksandar Enev") -> Aleksandar Enev | AA25: =IFERROR(__xludf.DUMMYFUNCTION("""COMPUTED_VALUE"""),"Gospodinov") -> Gospodinov | AB25: =IFERROR(__xludf.DUMMYFUNCTION("""COMPUTED_VALUE"""),"A.E.") -> A.E. | AC25: =IFERROR(__xludf.DUMMYFUNCTION("""COMPUTED_VALUE"""),5.66748058E8) -> 566748058 | AD25: =IFERROR(__xludf.DUMMYFUNCTION("""COMPUTED_VALUE"""),30720.0) -> 30720 | AE25: =IFERROR(__xludf.DUMMYFUNCTION("""COMPUTED_VALUE"""),"bg") -> bg | AF25: =IFERROR(__xludf.DUMMYFUNCTION("""COMPUTED_VALUE"""),"Stara Zagora") -> Stara Zagora | AG25: =IFERROR(__xludf.DUMMYFUNCTION("""COMPUTED_VALUE"""),"Hr. A.E. Gospodinov") -> Hr. A.E. Gospodinov | AH25: =IFERROR(__xludf.DUMMYFUNCTION("""COMPUTED_VALUE"""),"NL19INGB0795400551") -> NL19INGB0795400551 | AI25: =IFERROR(__xludf.DUMMYFUNCTION("""COMPUTED_VALUE"""),43573.0) -> 43573 | AJ25: =IFERROR(__xludf.DUMMYFUNCTION("""COMPUTED_VALUE"""),"ID Kaart") -> ID Kaart | AK25: =IFERROR(__xludf.DUMMYFUNCTION("""COMPUTED_VALUE"""),6.50675465E8) -> 650675465 | AL25: =IFERROR(__xludf.DUMMYFUNCTION("""COMPUTED_VALUE"""),48027.0) -> 48027 | AN25: =IFERROR(__xludf.DUMMYFUNCTION("""COMPUTED_VALUE"""),"Aleksandar Enev Gospodinov") -> Aleksandar Enev Gospodinov
A26: =IFERROR(__xludf.DUMMYFUNCTION("""COMPUTED_VALUE"""),"Alkin Bouw") -> Alkin Bouw | B26: =IFERROR(__xludf.DUMMYFUNCTION("""COMPUTED_VALUE"""),"Alkin Bouw") -> Alkin Bouw | C26: =IFERROR(__xludf.DUMMYFUNCTION("""COMPUTED_VALUE"""),1759.0) -> 1759 | D26: =IFERROR(__xludf.DUMMYFUNCTION("""COMPUTED_VALUE"""),"Alkin Yuliyanov Cholakov") -> Alkin Yuliyanov Cholakov | E26: =IFERROR(__xludf.DUMMYFUNCTION("""COMPUTED_VALUE"""),"SBI-code: 4312 - Grondverzet") -> SBI-code: 4312 - Grondverzet | F26: =IFERROR(__xludf.DUMMYFUNCTION("""COMPUTED_VALUE"""),"+359 89 6732599") -> +359 89 6732599 | G26: =IFERROR(__xludf.DUMMYFUNCTION("""COMPUTED_VALUE"""),"alkincholakov8@gmail.com") -> alkincholakov8@gmail.com | H26: =IFERROR(__xludf.DUMMYFUNCTION("""COMPUTED_VALUE"""),"Ambachtstraat 5") -> Ambachtstraat 5 | I26: =IFERROR(__xludf.DUMMYFUNCTION("""COMPUTED_VALUE"""),"5331HX") -> 5331HX | J26: =IFERROR(__xludf.DUMMYFUNCTION("""COMPUTED_VALUE"""),"Kerkdriel") -> Kerkdriel | K26: =IFERROR(__xludf.DUMMYFUNCTION("""COMPUTED_VALUE"""),"Nederland") -> Nederland | L26: =IFERROR(__xludf.DUMMYFUNCTION("""COMPUTED_VALUE"""),"Чолаков") -> Чолаков | M26: =IFERROR(__xludf.DUMMYFUNCTION("""COMPUTED_VALUE"""),45902.0) -> 45902 | N26: =IFERROR(__xludf.DUMMYFUNCTION("""COMPUTED_VALUE"""),"NL603184248B01") -> NL603184248B01 | O26: =IFERROR(__xludf.DUMMYFUNCTION("""COMPUTED_VALUE"""),9.8187368E7) -> 98187368 | P26: =IFERROR(__xludf.DUMMYFUNCTION("""COMPUTED_VALUE"""),"NL70INGB0117091049") -> NL70INGB0117091049 | Q26: =IFERROR(__xludf.DUMMYFUNCTION("""COMPUTED_VALUE"""),45902.0) -> 45902 | S26: =IFERROR(__xludf.DUMMYFUNCTION("""COMPUTED_VALUE"""),"NL005314151B19") -> NL005314151B19 | T26: =IFERROR(__xludf.DUMMYFUNCTION("""COMPUTED_VALUE"""),6.03184248E8) -> 603184248 | U26: =IFERROR(__xludf.DUMMYFUNCTION("""COMPUTED_VALUE"""),"Eenmanszaak") -> Eenmanszaak | V26: =IFERROR(__xludf.DUMMYFUNCTION("""COMPUTED_VALUE"""),"000063368706") -> 000063368706 | W26: =IFERROR(__xludf.DUMMYFUNCTION("""COMPUTED_VALUE"""),"ink.alkin.2288aa@zarabota.nl") -> ink.alkin.2288aa@zarabota.nl | X26: =IFERROR(__xludf.DUMMYFUNCTION("""COMPUTED_VALUE"""),"ver.alkin.2288aa@zarabota.nl") -> ver.alkin.2288aa@zarabota.nl | Y26: =IFERROR(__xludf.DUMMYFUNCTION("""COMPUTED_VALUE"""),"Hr.") -> Hr. | Z26: =IFERROR(__xludf.DUMMYFUNCTION("""COMPUTED_VALUE"""),"Alkin Yuliyanov") -> Alkin Yuliyanov | AA26: =IFERROR(__xludf.DUMMYFUNCTION("""COMPUTED_VALUE"""),"Cholakov") -> Cholakov | AB26: =IFERROR(__xludf.DUMMYFUNCTION("""COMPUTED_VALUE"""),"A.Y.") -> A.Y. | AC26: =IFERROR(__xludf.DUMMYFUNCTION("""COMPUTED_VALUE"""),6.03184248E8) -> 603184248 | AD26: =IFERROR(__xludf.DUMMYFUNCTION("""COMPUTED_VALUE"""),36294.0) -> 36294 | AE26: =IFERROR(__xludf.DUMMYFUNCTION("""COMPUTED_VALUE"""),"bg") -> bg | AF26: =IFERROR(__xludf.DUMMYFUNCTION("""COMPUTED_VALUE"""),"Targovishte") -> Targovishte | AG26: =IFERROR(__xludf.DUMMYFUNCTION("""COMPUTED_VALUE"""),"Hr. A.Y. Cholakov") -> Hr. A.Y. Cholakov | AJ26: =IFERROR(__xludf.DUMMYFUNCTION("""COMPUTED_VALUE"""),"ID Kaart") -> ID Kaart | AK26: =IFERROR(__xludf.DUMMYFUNCTION("""COMPUTED_VALUE"""),6.47119385E8) -> 647119385 | AL26: =IFERROR(__xludf.DUMMYFUNCTION("""COMPUTED_VALUE"""),46587.0) -> 46587 | AM26: =IFERROR(__xludf.DUMMYFUNCTION("""COMPUTED_VALUE"""),"Bulgarije") -> Bulgarije | AN26: =IFERROR(__xludf.DUMMYFUNCTION("""COMPUTED_VALUE"""),"Alkin Yuliyanov Cholakov") -> Alkin Yuliyanov Cholakov | AO26: =IFERROR(__xludf.DUMMYFUNCTION("""COMPUTED_VALUE"""),1759.0) -> 1759
A27: =IFERROR(__xludf.DUMMYFUNCTION("""COMPUTED_VALUE"""),"Alp Bouw") -> Alp Bouw | B27: =IFERROR(__xludf.DUMMYFUNCTION("""COMPUTED_VALUE"""),"Alp Bouw") -> Alp Bouw | C27: =IFERROR(__xludf.DUMMYFUNCTION("""COMPUTED_VALUE"""),1698.0) -> 1698 | D27: =IFERROR(__xludf.DUMMYFUNCTION("""COMPUTED_VALUE"""),"Remzi Halibryam Ismail") -> Remzi Halibryam Ismail | E27: =IFERROR(__xludf.DUMMYFUNCTION("""COMPUTED_VALUE"""),"SBI-code: 4120 - Algemene burgerlijke en utiliteitsbouw") -> SBI-code: 4120 - Algemene burgerlijke en utiliteitsbouw | F27: =IFERROR(__xludf.DUMMYFUNCTION("""COMPUTED_VALUE"""),"0684640121") -> 0684640121 | G27: =IFERROR(__xludf.DUMMYFUNCTION("""COMPUTED_VALUE"""),"alpbouw@gmail.com") -> alpbouw@gmail.com | H27: =IFERROR(__xludf.DUMMYFUNCTION("""COMPUTED_VALUE"""),"De Lannoystraat 155") -> De Lannoystraat 155 | I27: =IFERROR(__xludf.DUMMYFUNCTION("""COMPUTED_VALUE"""),"2533XS") -> 2533XS | J27: =IFERROR(__xludf.DUMMYFUNCTION("""COMPUTED_VALUE"""),"s-Gravenhage") -> s-Gravenhage | K27: =IFERROR(__xludf.DUMMYFUNCTION("""COMPUTED_VALUE"""),"Nederland") -> Nederland | L27: =IFERROR(__xludf.DUMMYFUNCTION("""COMPUTED_VALUE"""),"Исмаил") -> Исмаил | M27: =IFERROR(__xludf.DUMMYFUNCTION("""COMPUTED_VALUE"""),45658.0) -> 45658 | N27: =IFERROR(__xludf.DUMMYFUNCTION("""COMPUTED_VALUE"""),"NL311976050B01") -> NL311976050B01 | O27: =IFERROR(__xludf.DUMMYFUNCTION("""COMPUTED_VALUE"""),6.8071515E7) -> 68071515 | P27: =IFERROR(__xludf.DUMMYFUNCTION("""COMPUTED_VALUE"""),"NL81INGB0007649631") -> NL81INGB0007649631 | Q27: =IFERROR(__xludf.DUMMYFUNCTION("""COMPUTED_VALUE"""),42767.0) -> 42767 | S27: =IFERROR(__xludf.DUMMYFUNCTION("""COMPUTED_VALUE"""),"NL002466163B49") -> NL002466163B49 | T27: =IFERROR(__xludf.DUMMYFUNCTION("""COMPUTED_VALUE"""),3.1197605E8) -> 311976050 | U27: =IFERROR(__xludf.DUMMYFUNCTION("""COMPUTED_VALUE"""),"Eenmanszaak") -> Eenmanszaak | V27: =IFERROR(__xludf.DUMMYFUNCTION("""COMPUTED_VALUE"""),"000036545708") -> 000036545708 | W27: =IFERROR(__xludf.DUMMYFUNCTION("""COMPUTED_VALUE"""),"ink.alpbouw.2288aa@zarabota.nl") -> ink.alpbouw.2288aa@zarabota.nl | X27: =IFERROR(__xludf.DUMMYFUNCTION("""COMPUTED_VALUE"""),"ver.alpbouw.2288aa@zarabota.nl") -> ver.alpbouw.2288aa@zarabota.nl | Y27: =IFERROR(__xludf.DUMMYFUNCTION("""COMPUTED_VALUE"""),"Hr.") -> Hr. | Z27: =IFERROR(__xludf.DUMMYFUNCTION("""COMPUTED_VALUE"""),"Remzi Halibryam") -> Remzi Halibryam | AA27: =IFERROR(__xludf.DUMMYFUNCTION("""COMPUTED_VALUE"""),"Ismail") -> Ismail | AB27: =IFERROR(__xludf.DUMMYFUNCTION("""COMPUTED_VALUE"""),"R.H.") -> R.H. | AC27: =IFERROR(__xludf.DUMMYFUNCTION("""COMPUTED_VALUE"""),3.1197605E8) -> 311976050 | AD27: =IFERROR(__xludf.DUMMYFUNCTION("""COMPUTED_VALUE"""),28714.0) -> 28714 | AE27: =IFERROR(__xludf.DUMMYFUNCTION("""COMPUTED_VALUE"""),"bg") -> bg | AF27: =IFERROR(__xludf.DUMMYFUNCTION("""COMPUTED_VALUE"""),"Vodach") -> Vodach | AG27: =IFERROR(__xludf.DUMMYFUNCTION("""COMPUTED_VALUE"""),"Hr. R.H. Ismail") -> Hr. R.H. Ismail | AH27: =IFERROR(__xludf.DUMMYFUNCTION("""COMPUTED_VALUE"""),"NL54INGB0651337267") -> NL54INGB0651337267 | AJ27: =IFERROR(__xludf.DUMMYFUNCTION("""COMPUTED_VALUE"""),"ID Kaart") -> ID Kaart | AK27: =IFERROR(__xludf.DUMMYFUNCTION("""COMPUTED_VALUE"""),6.49214915E8) -> 649214915 | AL27: =IFERROR(__xludf.DUMMYFUNCTION("""COMPUTED_VALUE"""),47687.0) -> 47687 | AM27: =IFERROR(__xludf.DUMMYFUNCTION("""COMPUTED_VALUE"""),"Bulgarije") -> Bulgarije | AN27: =IFERROR(__xludf.DUMMYFUNCTION("""COMPUTED_VALUE"""),"Remzi Halibryam Ismail") -> Remzi Halibryam Ismail | AO27: =IFERROR(__xludf.DUMMYFUNCTION("""COMPUTED_VALUE"""),1698.0) -> 1698
A28: =IFERROR(__xludf.DUMMYFUNCTION("""COMPUTED_VALUE"""),"AlPand Bouw") -> AlPand Bouw | B28: =IFERROR(__xludf.DUMMYFUNCTION("""COMPUTED_VALUE"""),"AlPand Bouw") -> AlPand Bouw | C28: =IFERROR(__xludf.DUMMYFUNCTION("""COMPUTED_VALUE"""),379.0) -> 379 | D28: =IFERROR(__xludf.DUMMYFUNCTION("""COMPUTED_VALUE"""),"Aleksandra Ivanova Dzhongova") -> Aleksandra Ivanova Dzhongova | E28: =IFERROR(__xludf.DUMMYFUNCTION("""COMPUTED_VALUE"""),"SBI-code: 4120 - Algemene burgerlijke en utiliteitsbouw") -> SBI-code: 4120 - Algemene burgerlijke en utiliteitsbouw | F28: =IFERROR(__xludf.DUMMYFUNCTION("""COMPUTED_VALUE"""),"0628708802") -> 0628708802 | G28: =IFERROR(__xludf.DUMMYFUNCTION("""COMPUTED_VALUE"""),"krumpandov@abv.bg") -> krumpandov@abv.bg | H28: =IFERROR(__xludf.DUMMYFUNCTION("""COMPUTED_VALUE"""),"Van Beverningkstraat 252") -> Van Beverningkstraat 252 | I28: =IFERROR(__xludf.DUMMYFUNCTION("""COMPUTED_VALUE"""),"2582VM") -> 2582VM | J28: =IFERROR(__xludf.DUMMYFUNCTION("""COMPUTED_VALUE"""),"s-Gravenhage") -> s-Gravenhage | K28: =IFERROR(__xludf.DUMMYFUNCTION("""COMPUTED_VALUE"""),"Nederland") -> Nederland | L28: =IFERROR(__xludf.DUMMYFUNCTION("""COMPUTED_VALUE"""),"Джонгова") -> Джонгова | M28: =IFERROR(__xludf.DUMMYFUNCTION("""COMPUTED_VALUE"""),43101.0) -> 43101 | N28: =IFERROR(__xludf.DUMMYFUNCTION("""COMPUTED_VALUE"""),"NL855639015B01") -> NL855639015B01 | O28: =IFERROR(__xludf.DUMMYFUNCTION("""COMPUTED_VALUE"""),6.4373193E7) -> 64373193 | P28: =IFERROR(__xludf.DUMMYFUNCTION("""COMPUTED_VALUE"""),"NL25INGB0007089688") -> NL25INGB0007089688 | Q28: =IFERROR(__xludf.DUMMYFUNCTION("""COMPUTED_VALUE"""),42297.0) -> 42297 | S28: =IFERROR(__xludf.DUMMYFUNCTION("""COMPUTED_VALUE"""),"NL855639015B01") -> NL855639015B01 | T28: =IFERROR(__xludf.DUMMYFUNCTION("""COMPUTED_VALUE"""),8.55639015E8) -> 855639015 | U28: =IFERROR(__xludf.DUMMYFUNCTION("""COMPUTED_VALUE"""),"Eenmanszaak") -> Eenmanszaak | V28: =IFERROR(__xludf.DUMMYFUNCTION("""COMPUTED_VALUE"""),"000033203555") -> 000033203555 | W28: =IFERROR(__xludf.DUMMYFUNCTION("""COMPUTED_VALUE"""),"ink.alpandbouwvof.2288aa@zarabota.nl") -> ink.alpandbouwvof.2288aa@zarabota.nl | X28: =IFERROR(__xludf.DUMMYFUNCTION("""COMPUTED_VALUE"""),"ver.alpandbouwvof.2288aa@zarabota.nl") -> ver.alpandbouwvof.2288aa@zarabota.nl | Y28: =IFERROR(__xludf.DUMMYFUNCTION("""COMPUTED_VALUE"""),"Mw.") -> Mw. | Z28: =IFERROR(__xludf.DUMMYFUNCTION("""COMPUTED_VALUE"""),"Aleksandra Ivanova") -> Aleksandra Ivanova | AA28: =IFERROR(__xludf.DUMMYFUNCTION("""COMPUTED_VALUE"""),"Dzhongova") -> Dzhongova | AB28: =IFERROR(__xludf.DUMMYFUNCTION("""COMPUTED_VALUE"""),"A.I.") -> A.I. | AC28: =IFERROR(__xludf.DUMMYFUNCTION("""COMPUTED_VALUE"""),4.24155254E8) -> 424155254 | AD28: =IFERROR(__xludf.DUMMYFUNCTION("""COMPUTED_VALUE"""),32917.0) -> 32917 | AE28: =IFERROR(__xludf.DUMMYFUNCTION("""COMPUTED_VALUE"""),"bg") -> bg | AF28: =IFERROR(__xludf.DUMMYFUNCTION("""COMPUTED_VALUE"""),"Asenovgrad") -> Asenovgrad | AG28: =IFERROR(__xludf.DUMMYFUNCTION("""COMPUTED_VALUE"""),"Mw. A.I. Dzhongova") -> Mw. A.I. Dzhongova | AN28: =IFERROR(__xludf.DUMMYFUNCTION("""COMPUTED_VALUE"""),"Aleksandra Ivanova Dzhongova") -> Aleksandra Ivanova Dzhongova
A29: =IFERROR(__xludf.DUMMYFUNCTION("""COMPUTED_VALUE"""),"Altay 79") -> Altay 79 | B29: =IFERROR(__xludf.DUMMYFUNCTION("""COMPUTED_VALUE"""),"Altay 79") -> Altay 79 | C29: =IFERROR(__xludf.DUMMYFUNCTION("""COMPUTED_VALUE"""),688.0) -> 688 | D29: =IFERROR(__xludf.DUMMYFUNCTION("""COMPUTED_VALUE"""),"Ahmed Fahri Ahmed") -> Ahmed Fahri Ahmed | E29: =IFERROR(__xludf.DUMMYFUNCTION("""COMPUTED_VALUE"""),"SBI-code: 4120 - Algemene burgerlijke en utiliteitsbouw") -> SBI-code: 4120 - Algemene burgerlijke en utiliteitsbouw | F29: =IFERROR(__xludf.DUMMYFUNCTION("""COMPUTED_VALUE"""),"0629426261") -> 0629426261 | G29: =IFERROR(__xludf.DUMMYFUNCTION("""COMPUTED_VALUE"""),"afahriahmed@gmail.com") -> afahriahmed@gmail.com | H29: =IFERROR(__xludf.DUMMYFUNCTION("""COMPUTED_VALUE"""),"Da Costastraat 16 B") -> Da Costastraat 16 B | I29: =IFERROR(__xludf.DUMMYFUNCTION("""COMPUTED_VALUE"""),"3117PH") -> 3117PH | J29: =IFERROR(__xludf.DUMMYFUNCTION("""COMPUTED_VALUE"""),"Schiedam") -> Schiedam | K29: =IFERROR(__xludf.DUMMYFUNCTION("""COMPUTED_VALUE"""),"Nederland") -> Nederland | L29: =IFERROR(__xludf.DUMMYFUNCTION("""COMPUTED_VALUE"""),"Ахмед") -> Ахмед | M29: =IFERROR(__xludf.DUMMYFUNCTION("""COMPUTED_VALUE"""),43482.0) -> 43482 | N29: =IFERROR(__xludf.DUMMYFUNCTION("""COMPUTED_VALUE"""),"NL350076091B01") -> NL350076091B01 | O29: =IFERROR(__xludf.DUMMYFUNCTION("""COMPUTED_VALUE"""),7.3890812E7) -> 73890812 | P29: =IFERROR(__xludf.DUMMYFUNCTION("""COMPUTED_VALUE"""),"NL16INGB0007610643") -> NL16INGB0007610643 | Q29: =IFERROR(__xludf.DUMMYFUNCTION("""COMPUTED_VALUE"""),43482.0) -> 43482 | S29: =IFERROR(__xludf.DUMMYFUNCTION("""COMPUTED_VALUE"""),"NL002472304B70") -> NL002472304B70 | T29: =IFERROR(__xludf.DUMMYFUNCTION("""COMPUTED_VALUE"""),3.50076091E8) -> 350076091 | U29: =IFERROR(__xludf.DUMMYFUNCTION("""COMPUTED_VALUE"""),"Eenmanszaak") -> Eenmanszaak | V29: =IFERROR(__xludf.DUMMYFUNCTION("""COMPUTED_VALUE"""),"000041889169") -> 000041889169 | W29: =IFERROR(__xludf.DUMMYFUNCTION("""COMPUTED_VALUE"""),"ink.altay79.2288aa@zarabota.nl") -> ink.altay79.2288aa@zarabota.nl | X29: =IFERROR(__xludf.DUMMYFUNCTION("""COMPUTED_VALUE"""),"ver.altay79.2288aa@zarabota.nl") -> ver.altay79.2288aa@zarabota.nl | Y29: =IFERROR(__xludf.DUMMYFUNCTION("""COMPUTED_VALUE"""),"Hr.") -> Hr. | Z29: =IFERROR(__xludf.DUMMYFUNCTION("""COMPUTED_VALUE"""),"Ahmed Fahri") -> Ahmed Fahri | AA29: =IFERROR(__xludf.DUMMYFUNCTION("""COMPUTED_VALUE"""),"Ahmed") -> Ahmed | AB29: =IFERROR(__xludf.DUMMYFUNCTION("""COMPUTED_VALUE"""),"A.F.") -> A.F. | AC29: =IFERROR(__xludf.DUMMYFUNCTION("""COMPUTED_VALUE"""),3.50076091E8) -> 350076091 | AD29: =IFERROR(__xludf.DUMMYFUNCTION("""COMPUTED_VALUE"""),29182.0) -> 29182 | AE29: =IFERROR(__xludf.DUMMYFUNCTION("""COMPUTED_VALUE"""),"bg") -> bg | AF29: =IFERROR(__xludf.DUMMYFUNCTION("""COMPUTED_VALUE"""),"Aytos") -> Aytos | AG29: =IFERROR(__xludf.DUMMYFUNCTION("""COMPUTED_VALUE"""),"Hr. A.F. Ahmed") -> Hr. A.F. Ahmed | AH29: =IFERROR(__xludf.DUMMYFUNCTION("""COMPUTED_VALUE"""),"NL39INGB0670371998") -> NL39INGB0670371998 | AI29: =IFERROR(__xludf.DUMMYFUNCTION("""COMPUTED_VALUE"""),43405.0) -> 43405 | AN29: =IFERROR(__xludf.DUMMYFUNCTION("""COMPUTED_VALUE"""),"Ahmed Fahri Ahmed") -> Ahmed Fahri Ahmed
A30: =IFERROR(__xludf.DUMMYFUNCTION("""COMPUTED_VALUE"""),"Anastasiya Nails") -> Anastasiya Nails | B30: =IFERROR(__xludf.DUMMYFUNCTION("""COMPUTED_VALUE"""),"Anastasiya Nails - KOR per 01-07-2024") -> Anastasiya Nails - KOR per 01-07-2024 | C30: =IFERROR(__xludf.DUMMYFUNCTION("""COMPUTED_VALUE"""),1587.0) -> 1587 | D30: =IFERROR(__xludf.DUMMYFUNCTION("""COMPUTED_VALUE"""),"Anastasiya Atanasova Petrova-Semerdzhieva") -> Anastasiya Atanasova Petrova-Semerdzhieva | E30: =IFERROR(__xludf.DUMMYFUNCTION("""COMPUTED_VALUE"""),"SBI-code: 4120 - Algemene burgerlijke en utiliteitsbouw") -> SBI-code: 4120 - Algemene burgerlijke en utiliteitsbouw | F30: =IFERROR(__xludf.DUMMYFUNCTION("""COMPUTED_VALUE"""),"0687017808") -> 0687017808 | G30: =IFERROR(__xludf.DUMMYFUNCTION("""COMPUTED_VALUE"""),"anastasia_petrova@abv.bg") -> anastasia_petrova@abv.bg | H30: =IFERROR(__xludf.DUMMYFUNCTION("""COMPUTED_VALUE"""),"Escamplaan 771") -> Escamplaan 771 | I30: =IFERROR(__xludf.DUMMYFUNCTION("""COMPUTED_VALUE"""),"2547EJ") -> 2547EJ | J30: =IFERROR(__xludf.DUMMYFUNCTION("""COMPUTED_VALUE"""),"s-Gravenhage") -> s-Gravenhage | K30: =IFERROR(__xludf.DUMMYFUNCTION("""COMPUTED_VALUE"""),"Nederland") -> Nederland | L30: =IFERROR(__xludf.DUMMYFUNCTION("""COMPUTED_VALUE"""),"Петрова-Семерджиева") -> Петрова-Семерджиева | M30: =IFERROR(__xludf.DUMMYFUNCTION("""COMPUTED_VALUE"""),45315.0) -> 45315 | N30: =IFERROR(__xludf.DUMMYFUNCTION("""COMPUTED_VALUE"""),"NL") -> NL | O30: =IFERROR(__xludf.DUMMYFUNCTION("""COMPUTED_VALUE"""),9.2845312E7) -> 92845312 | P30: =IFERROR(__xludf.DUMMYFUNCTION("""COMPUTED_VALUE"""),"NL73INGB0109404327") -> NL73INGB0109404327 | Q30: =IFERROR(__xludf.DUMMYFUNCTION("""COMPUTED_VALUE"""),45315.0) -> 45315 | S30: =IFERROR(__xludf.DUMMYFUNCTION("""COMPUTED_VALUE"""),"NL004980987B31") -> NL004980987B31 | T30: =IFERROR(__xludf.DUMMYFUNCTION("""COMPUTED_VALUE"""),4.33236279E8) -> 433236279 | U30: =IFERROR(__xludf.DUMMYFUNCTION("""COMPUTED_VALUE"""),"Eenmanszaak") -> Eenmanszaak | V30: =IFERROR(__xludf.DUMMYFUNCTION("""COMPUTED_VALUE"""),"000058424628") -> 000058424628 | W30: =IFERROR(__xludf.DUMMYFUNCTION("""COMPUTED_VALUE"""),"ink.anastasiyanails.2288aa@zarabota.nl") -> ink.anastasiyanails.2288aa@zarabota.nl | X30: =IFERROR(__xludf.DUMMYFUNCTION("""COMPUTED_VALUE"""),"ver.anastasiyanails.2288aa@zarabota.nl") -> ver.anastasiyanails.2288aa@zarabota.nl | Y30: =IFERROR(__xludf.DUMMYFUNCTION("""COMPUTED_VALUE"""),"Mw.") -> Mw. | Z30: =IFERROR(__xludf.DUMMYFUNCTION("""COMPUTED_VALUE"""),"Anastasiya Atanasova") -> Anastasiya Atanasova | AA30: =IFERROR(__xludf.DUMMYFUNCTION("""COMPUTED_VALUE"""),"Petrova-Semerdzhieva") -> Petrova-Semerdzhieva | AB30: =IFERROR(__xludf.DUMMYFUNCTION("""COMPUTED_VALUE"""),"A.A") -> A.A | AC30: =IFERROR(__xludf.DUMMYFUNCTION("""COMPUTED_VALUE"""),4.33236279E8) -> 433236279 | AD30: =IFERROR(__xludf.DUMMYFUNCTION("""COMPUTED_VALUE"""),27355.0) -> 27355 | AE30: =IFERROR(__xludf.DUMMYFUNCTION("""COMPUTED_VALUE"""),"bg") -> bg | AG30: =IFERROR(__xludf.DUMMYFUNCTION("""COMPUTED_VALUE"""),"Mw. A.A Petrova-Semerdzhieva") -> Mw. A.A Petrova-Semerdzhieva | AH30: =IFERROR(__xludf.DUMMYFUNCTION("""COMPUTED_VALUE"""),"NL63 INGB 0651 7546 90") -> NL63 INGB 0651 7546 90 | AI30: =IFERROR(__xludf.DUMMYFUNCTION("""COMPUTED_VALUE"""),42790.0) -> 42790 | AJ30: =IFERROR(__xludf.DUMMYFUNCTION("""COMPUTED_VALUE"""),"ID Kaart") -> ID Kaart | AM30: =IFERROR(__xludf.DUMMYFUNCTION("""COMPUTED_VALUE"""),"Bulgarije") -> Bulgarije | AN30: =IFERROR(__xludf.DUMMYFUNCTION("""COMPUTED_VALUE"""),"Anastasiya Atanasova Petrova-Semerdzhieva") -> Anastasiya Atanasova Petrova-Semerdzhieva | AO30: =IFERROR(__xludf.DUMMYFUNCTION("""COMPUTED_VALUE"""),1587.0) -> 1587
A31: =IFERROR(__xludf.DUMMYFUNCTION("""COMPUTED_VALUE"""),"Andreev Express") -> Andreev Express | B31: =IFERROR(__xludf.DUMMYFUNCTION("""COMPUTED_VALUE"""),"Andreev Express") -> Andreev Express | C31: =IFERROR(__xludf.DUMMYFUNCTION("""COMPUTED_VALUE"""),611.0) -> 611 | D31: =IFERROR(__xludf.DUMMYFUNCTION("""COMPUTED_VALUE"""),"Asen Robertov Andreev") -> Asen Robertov Andreev | E31: =IFERROR(__xludf.DUMMYFUNCTION("""COMPUTED_VALUE"""),"SBI-code: 4120 - Algemene burgerlijke en utiliteitsbouw") -> SBI-code: 4120 - Algemene burgerlijke en utiliteitsbouw | F31: =IFERROR(__xludf.DUMMYFUNCTION("""COMPUTED_VALUE"""),"0684990924") -> 0684990924 | G31: =IFERROR(__xludf.DUMMYFUNCTION("""COMPUTED_VALUE"""),"andreevasen5@gmail.com") -> andreevasen5@gmail.com | H31: =IFERROR(__xludf.DUMMYFUNCTION("""COMPUTED_VALUE"""),"Stavenissestraat 129") -> Stavenissestraat 129 | I31: =IFERROR(__xludf.DUMMYFUNCTION("""COMPUTED_VALUE"""),"3086RA") -> 3086RA | J31: =IFERROR(__xludf.DUMMYFUNCTION("""COMPUTED_VALUE"""),"s-Gravenhage") -> s-Gravenhage | K31: =IFERROR(__xludf.DUMMYFUNCTION("""COMPUTED_VALUE"""),"Nederland") -> Nederland | L31: =IFERROR(__xludf.DUMMYFUNCTION("""COMPUTED_VALUE"""),"Андреев") -> Андреев | M31: =IFERROR(__xludf.DUMMYFUNCTION("""COMPUTED_VALUE"""),43307.0) -> 43307 | N31: =IFERROR(__xludf.DUMMYFUNCTION("""COMPUTED_VALUE"""),"NL") -> NL | O31: =IFERROR(__xludf.DUMMYFUNCTION("""COMPUTED_VALUE"""),7.2236167E7) -> 72236167 | P31: =IFERROR(__xludf.DUMMYFUNCTION("""COMPUTED_VALUE"""),"NL") -> NL | Q31: =IFERROR(__xludf.DUMMYFUNCTION("""COMPUTED_VALUE"""),43307.0) -> 43307 | S31: =IFERROR(__xludf.DUMMYFUNCTION("""COMPUTED_VALUE"""),"NL002456843B24") -> NL002456843B24 | T31: =IFERROR(__xludf.DUMMYFUNCTION("""COMPUTED_VALUE"""),2.64710538E8) -> 264710538 | U31: =IFERROR(__xludf.DUMMYFUNCTION("""COMPUTED_VALUE"""),"Eenmanszaak") -> Eenmanszaak | V31: =IFERROR(__xludf.DUMMYFUNCTION("""COMPUTED_VALUE"""),"000040357619") -> 000040357619 | W31: =IFERROR(__xludf.DUMMYFUNCTION("""COMPUTED_VALUE"""),"ink.andreevexpress.2288aa@zarabota.nl") -> ink.andreevexpress.2288aa@zarabota.nl | X31: =IFERROR(__xludf.DUMMYFUNCTION("""COMPUTED_VALUE"""),"ver.andreevexpress.2288aa@zarabota.nl") -> ver.andreevexpress.2288aa@zarabota.nl | Y31: =IFERROR(__xludf.DUMMYFUNCTION("""COMPUTED_VALUE"""),"Hr.") -> Hr. | Z31: =IFERROR(__xludf.DUMMYFUNCTION("""COMPUTED_VALUE"""),"Asen Robertov") -> Asen Robertov | AA31: =IFERROR(__xludf.DUMMYFUNCTION("""COMPUTED_VALUE"""),"Andreev") -> Andreev | AB31: =IFERROR(__xludf.DUMMYFUNCTION("""COMPUTED_VALUE"""),"A.R.") -> A.R. | AC31: =IFERROR(__xludf.DUMMYFUNCTION("""COMPUTED_VALUE"""),2.64710538E8) -> 264710538 | AD31: =IFERROR(__xludf.DUMMYFUNCTION("""COMPUTED_VALUE"""),29754.0) -> 29754 | AE31: =IFERROR(__xludf.DUMMYFUNCTION("""COMPUTED_VALUE"""),"bg") -> bg | AF31: =IFERROR(__xludf.DUMMYFUNCTION("""COMPUTED_VALUE"""),"Montana") -> Montana | AG31: =IFERROR(__xludf.DUMMYFUNCTION("""COMPUTED_VALUE"""),"Hr. A.R. Andreev") -> Hr. A.R. Andreev | AN31: =IFERROR(__xludf.DUMMYFUNCTION("""COMPUTED_VALUE"""),"Asen Robertov Andreev") -> Asen Robertov Andreev
A32: =IFERROR(__xludf.DUMMYFUNCTION("""COMPUTED_VALUE"""),"Anev Bouwbedrijf") -> Anev Bouwbedrijf | B32: =IFERROR(__xludf.DUMMYFUNCTION("""COMPUTED_VALUE"""),"Anev Bouwbedrijf") -> Anev Bouwbedrijf | C32: =IFERROR(__xludf.DUMMYFUNCTION("""COMPUTED_VALUE"""),1305.0) -> 1305 | D32: =IFERROR(__xludf.DUMMYFUNCTION("""COMPUTED_VALUE"""),"Plamen Anev Merdzhanov") -> Plamen Anev Merdzhanov | E32: =IFERROR(__xludf.DUMMYFUNCTION("""COMPUTED_VALUE"""),"SBI-code: 4120 - Algemene burgerlijke en utiliteitsbouw") -> SBI-code: 4120 - Algemene burgerlijke en utiliteitsbouw | F32: =IFERROR(__xludf.DUMMYFUNCTION("""COMPUTED_VALUE"""),"+34621234079") -> +34621234079 | G32: =IFERROR(__xludf.DUMMYFUNCTION("""COMPUTED_VALUE"""),"plamen_navarres@hotmail.com") -> plamen_navarres@hotmail.com | H32: =IFERROR(__xludf.DUMMYFUNCTION("""COMPUTED_VALUE"""),"Van Dijckstraat 138") -> Van Dijckstraat 138 | I32: =IFERROR(__xludf.DUMMYFUNCTION("""COMPUTED_VALUE"""),"2526SG") -> 2526SG | J32: =IFERROR(__xludf.DUMMYFUNCTION("""COMPUTED_VALUE"""),"s-Gravenhage") -> s-Gravenhage | K32: =IFERROR(__xludf.DUMMYFUNCTION("""COMPUTED_VALUE"""),"Nederland") -> Nederland | L32: =IFERROR(__xludf.DUMMYFUNCTION("""COMPUTED_VALUE"""),"Мерджанов") -> Мерджанов | M32: =IFERROR(__xludf.DUMMYFUNCTION("""COMPUTED_VALUE"""),46086.0) -> 46086 | N32: =IFERROR(__xludf.DUMMYFUNCTION("""COMPUTED_VALUE"""),"NL") -> NL | O32: =IFERROR(__xludf.DUMMYFUNCTION("""COMPUTED_VALUE"""),4.2007778E7) -> 42007778 | P32: =IFERROR(__xludf.DUMMYFUNCTION("""COMPUTED_VALUE"""),"NL") -> NL | Q32: =IFERROR(__xludf.DUMMYFUNCTION("""COMPUTED_VALUE"""),46086.0) -> 46086 | S32: =IFERROR(__xludf.DUMMYFUNCTION("""COMPUTED_VALUE"""),"NL0") -> NL0 | T32: =IFERROR(__xludf.DUMMYFUNCTION("""COMPUTED_VALUE"""),5.43080614E8) -> 543080614 | U32: =IFERROR(__xludf.DUMMYFUNCTION("""COMPUTED_VALUE"""),"Eenmanszaak") -> Eenmanszaak | V32: =IFERROR(__xludf.DUMMYFUNCTION("""COMPUTED_VALUE"""),"000051598930") -> 000051598930 | W32: =IFERROR(__xludf.DUMMYFUNCTION("""COMPUTED_VALUE"""),"ink.anevbouwbedrijf.2288aa@zarabota.nl") -> ink.anevbouwbedrijf.2288aa@zarabota.nl | X32: =IFERROR(__xludf.DUMMYFUNCTION("""COMPUTED_VALUE"""),"ver.anevbouwbedrijf.2288aa@zarabota.nl") -> ver.anevbouwbedrijf.2288aa@zarabota.nl | Y32: =IFERROR(__xludf.DUMMYFUNCTION("""COMPUTED_VALUE"""),"Hr.") -> Hr. | Z32: =IFERROR(__xludf.DUMMYFUNCTION("""COMPUTED_VALUE"""),"Plamen Anev") -> Plamen Anev | AA32: =IFERROR(__xludf.DUMMYFUNCTION("""COMPUTED_VALUE"""),"Merdzhanov") -> Merdzhanov | AB32: =IFERROR(__xludf.DUMMYFUNCTION("""COMPUTED_VALUE"""),"P.A.") -> P.A. | AC32: =IFERROR(__xludf.DUMMYFUNCTION("""COMPUTED_VALUE"""),5.43080614E8) -> 543080614 | AD32: =IFERROR(__xludf.DUMMYFUNCTION("""COMPUTED_VALUE"""),36718.0) -> 36718 | AE32: =IFERROR(__xludf.DUMMYFUNCTION("""COMPUTED_VALUE"""),"bg") -> bg | AF32: =IFERROR(__xludf.DUMMYFUNCTION("""COMPUTED_VALUE"""),"Dimitrovgrad") -> Dimitrovgrad | AG32: =IFERROR(__xludf.DUMMYFUNCTION("""COMPUTED_VALUE"""),"Hr. P.A. Merdzhanov") -> Hr. P.A. Merdzhanov | AI32: =IFERROR(__xludf.DUMMYFUNCTION("""COMPUTED_VALUE"""),44587.0) -> 44587 | AJ32: =IFERROR(__xludf.DUMMYFUNCTION("""COMPUTED_VALUE"""),"ID Kaart") -> ID Kaart | AK32: =IFERROR(__xludf.DUMMYFUNCTION("""COMPUTED_VALUE"""),6.47795663E8) -> 647795663 | AL32: =IFERROR(__xludf.DUMMYFUNCTION("""COMPUTED_VALUE"""),47010.0) -> 47010 | AM32: =IFERROR(__xludf.DUMMYFUNCTION("""COMPUTED_VALUE"""),"Bulgarije") -> Bulgarije | AN32: =IFERROR(__xludf.DUMMYFUNCTION("""COMPUTED_VALUE"""),"Plamen Anev Merdzhanov") -> Plamen Anev Merdzhanov | AO32: =IFERROR(__xludf.DUMMYFUNCTION("""COMPUTED_VALUE"""),1305.0) -> 1305
A33: =IFERROR(__xludf.DUMMYFUNCTION("""COMPUTED_VALUE"""),"Angel Bouw A.A.N.") -> Angel Bouw A.A.N. | B33: =IFERROR(__xludf.DUMMYFUNCTION("""COMPUTED_VALUE"""),"Angel Bouw A.A.N.") -> Angel Bouw A.A.N. | C33: =IFERROR(__xludf.DUMMYFUNCTION("""COMPUTED_VALUE"""),1220.0) -> 1220 | D33: =IFERROR(__xludf.DUMMYFUNCTION("""COMPUTED_VALUE"""),"Aleksandar Angelov Georgiev") -> Aleksandar Angelov Georgiev | E33: =IFERROR(__xludf.DUMMYFUNCTION("""COMPUTED_VALUE"""),"SBI-code: 4120 - Algemene burgerlijke en utiliteitsbouw") -> SBI-code: 4120 - Algemene burgerlijke en utiliteitsbouw | F33: =IFERROR(__xludf.DUMMYFUNCTION("""COMPUTED_VALUE"""),"0687717135") -> 0687717135 | G33: =IFERROR(__xludf.DUMMYFUNCTION("""COMPUTED_VALUE"""),"aleksandargeorgiev522@gmail.com") -> aleksandargeorgiev522@gmail.com | H33: =IFERROR(__xludf.DUMMYFUNCTION("""COMPUTED_VALUE"""),"Aarnout Drostlaan 48") -> Aarnout Drostlaan 48 | I33: =IFERROR(__xludf.DUMMYFUNCTION("""COMPUTED_VALUE"""),"2523EN") -> 2523EN | J33: =IFERROR(__xludf.DUMMYFUNCTION("""COMPUTED_VALUE"""),"s-Gravenhage") -> s-Gravenhage | K33: =IFERROR(__xludf.DUMMYFUNCTION("""COMPUTED_VALUE"""),"Nederland") -> Nederland | L33: =IFERROR(__xludf.DUMMYFUNCTION("""COMPUTED_VALUE"""),"Георгиев") -> Георгиев | M33: =IFERROR(__xludf.DUMMYFUNCTION("""COMPUTED_VALUE"""),44440.0) -> 44440 | N33: =IFERROR(__xludf.DUMMYFUNCTION("""COMPUTED_VALUE"""),"NL390837581B01") -> NL390837581B01 | O33: =IFERROR(__xludf.DUMMYFUNCTION("""COMPUTED_VALUE"""),8.3956883E7) -> 83956883 | P33: =IFERROR(__xludf.DUMMYFUNCTION("""COMPUTED_VALUE"""),"NL50INGB0006283071") -> NL50INGB0006283071 | Q33: =IFERROR(__xludf.DUMMYFUNCTION("""COMPUTED_VALUE"""),44440.0) -> 44440 | S33: =IFERROR(__xludf.DUMMYFUNCTION("""COMPUTED_VALUE"""),"NL003894540B66") -> NL003894540B66 | T33: =IFERROR(__xludf.DUMMYFUNCTION("""COMPUTED_VALUE"""),3.90837581E8) -> 390837581 | U33: =IFERROR(__xludf.DUMMYFUNCTION("""COMPUTED_VALUE"""),"Eenmanszaak") -> Eenmanszaak | V33: =IFERROR(__xludf.DUMMYFUNCTION("""COMPUTED_VALUE"""),"000050100726") -> 000050100726 | W33: =IFERROR(__xludf.DUMMYFUNCTION("""COMPUTED_VALUE"""),"ink.angelbouw.2288aa@zarabota.nl") -> ink.angelbouw.2288aa@zarabota.nl | X33: =IFERROR(__xludf.DUMMYFUNCTION("""COMPUTED_VALUE"""),"ver.angelbouw.2288aa@zarabota.nl") -> ver.angelbouw.2288aa@zarabota.nl | Y33: =IFERROR(__xludf.DUMMYFUNCTION("""COMPUTED_VALUE"""),"Hr.") -> Hr. | Z33: =IFERROR(__xludf.DUMMYFUNCTION("""COMPUTED_VALUE"""),"Aleksandar Angelov") -> Aleksandar Angelov | AA33: =IFERROR(__xludf.DUMMYFUNCTION("""COMPUTED_VALUE"""),"Georgiev") -> Georgiev | AB33: =IFERROR(__xludf.DUMMYFUNCTION("""COMPUTED_VALUE"""),"A.A.") -> A.A. | AC33: =IFERROR(__xludf.DUMMYFUNCTION("""COMPUTED_VALUE"""),3.90837581E8) -> 390837581 | AD33: =IFERROR(__xludf.DUMMYFUNCTION("""COMPUTED_VALUE"""),33909.0) -> 33909 | AE33: =IFERROR(__xludf.DUMMYFUNCTION("""COMPUTED_VALUE"""),"bg") -> bg | AF33: =IFERROR(__xludf.DUMMYFUNCTION("""COMPUTED_VALUE"""),"Svilengrad") -> Svilengrad | AG33: =IFERROR(__xludf.DUMMYFUNCTION("""COMPUTED_VALUE"""),"Hr. A.A. Georgiev") -> Hr. A.A. Georgiev | AH33: =IFERROR(__xludf.DUMMYFUNCTION("""COMPUTED_VALUE"""),"NL22INGB0798028130") -> NL22INGB0798028130 | AJ33: =IFERROR(__xludf.DUMMYFUNCTION("""COMPUTED_VALUE"""),"ID Kaart") -> ID Kaart | AK33: =IFERROR(__xludf.DUMMYFUNCTION("""COMPUTED_VALUE"""),6.47254418E8) -> 647254418 | AL33: =IFERROR(__xludf.DUMMYFUNCTION("""COMPUTED_VALUE"""),46664.0) -> 46664 | AM33: =IFERROR(__xludf.DUMMYFUNCTION("""COMPUTED_VALUE"""),"Bulgarije") -> Bulgarije | AN33: =IFERROR(__xludf.DUMMYFUNCTION("""COMPUTED_VALUE"""),"Aleksandar Angelov Georgiev") -> Aleksandar Angelov Georgiev | AO33: =IFERROR(__xludf.DUMMYFUNCTION("""COMPUTED_VALUE"""),1220.0) -> 1220
A34: =IFERROR(__xludf.DUMMYFUNCTION("""COMPUTED_VALUE"""),"Angel Pro") -> Angel Pro | B34: =IFERROR(__xludf.DUMMYFUNCTION("""COMPUTED_VALUE"""),"Angel Pro") -> Angel Pro | C34: =IFERROR(__xludf.DUMMYFUNCTION("""COMPUTED_VALUE"""),1631.0) -> 1631 | D34: =IFERROR(__xludf.DUMMYFUNCTION("""COMPUTED_VALUE"""),"Angel Mladenov Aleksandrov") -> Angel Mladenov Aleksandrov | E34: =IFERROR(__xludf.DUMMYFUNCTION("""COMPUTED_VALUE"""),"SBI-code: 4120 - Algemene burgerlijke en utiliteitsbouw") -> SBI-code: 4120 - Algemene burgerlijke en utiliteitsbouw | F34: =IFERROR(__xludf.DUMMYFUNCTION("""COMPUTED_VALUE"""),"0684265496") -> 0684265496 | G34: =IFERROR(__xludf.DUMMYFUNCTION("""COMPUTED_VALUE"""),"info@angelpro.nl") -> info@angelpro.nl | H34: =IFERROR(__xludf.DUMMYFUNCTION("""COMPUTED_VALUE"""),"Van der Helststraat 14") -> Van der Helststraat 14 | I34: =IFERROR(__xludf.DUMMYFUNCTION("""COMPUTED_VALUE"""),"2526BD") -> 2526BD | J34: =IFERROR(__xludf.DUMMYFUNCTION("""COMPUTED_VALUE"""),"s-Gravenhage") -> s-Gravenhage | K34: =IFERROR(__xludf.DUMMYFUNCTION("""COMPUTED_VALUE"""),"Nederland") -> Nederland | L34: =IFERROR(__xludf.DUMMYFUNCTION("""COMPUTED_VALUE"""),"Александров") -> Александров | M34: =IFERROR(__xludf.DUMMYFUNCTION("""COMPUTED_VALUE"""),45401.0) -> 45401 | N34: =IFERROR(__xludf.DUMMYFUNCTION("""COMPUTED_VALUE"""),"NL438071384B01") -> NL438071384B01 | O34: =IFERROR(__xludf.DUMMYFUNCTION("""COMPUTED_VALUE"""),9.3652054E7) -> 93652054 | P34: =IFERROR(__xludf.DUMMYFUNCTION("""COMPUTED_VALUE"""),"NL51INGB0105065137") -> NL51INGB0105065137 | Q34: =IFERROR(__xludf.DUMMYFUNCTION("""COMPUTED_VALUE"""),45401.0) -> 45401 | S34: =IFERROR(__xludf.DUMMYFUNCTION("""COMPUTED_VALUE"""),"NL005033216B32") -> NL005033216B32 | T34: =IFERROR(__xludf.DUMMYFUNCTION("""COMPUTED_VALUE"""),4.38071384E8) -> 438071384 | U34: =IFERROR(__xludf.DUMMYFUNCTION("""COMPUTED_VALUE"""),"Eenmanszaak") -> Eenmanszaak | V34: =IFERROR(__xludf.DUMMYFUNCTION("""COMPUTED_VALUE"""),"000059178310") -> 000059178310 | W34: =IFERROR(__xludf.DUMMYFUNCTION("""COMPUTED_VALUE"""),"ink.angelpro.2288aa@zarabota.nl") -> ink.angelpro.2288aa@zarabota.nl | X34: =IFERROR(__xludf.DUMMYFUNCTION("""COMPUTED_VALUE"""),"ver.angelpro.2288aa@zarabota.nl") -> ver.angelpro.2288aa@zarabota.nl | Y34: =IFERROR(__xludf.DUMMYFUNCTION("""COMPUTED_VALUE"""),"Hr.") -> Hr. | Z34: =IFERROR(__xludf.DUMMYFUNCTION("""COMPUTED_VALUE"""),"Angel Mladenov") -> Angel Mladenov | AA34: =IFERROR(__xludf.DUMMYFUNCTION("""COMPUTED_VALUE"""),"Aleksandrov") -> Aleksandrov | AB34: =IFERROR(__xludf.DUMMYFUNCTION("""COMPUTED_VALUE"""),"A.M.") -> A.M. | AC34: =IFERROR(__xludf.DUMMYFUNCTION("""COMPUTED_VALUE"""),4.38071384E8) -> 438071384 | AD34: =IFERROR(__xludf.DUMMYFUNCTION("""COMPUTED_VALUE"""),34220.0) -> 34220 | AE34: =IFERROR(__xludf.DUMMYFUNCTION("""COMPUTED_VALUE"""),"bg") -> bg | AF34: =IFERROR(__xludf.DUMMYFUNCTION("""COMPUTED_VALUE"""),"Parvomay") -> Parvomay | AG34: =IFERROR(__xludf.DUMMYFUNCTION("""COMPUTED_VALUE"""),"Hr. A.M. Aleksandrov") -> Hr. A.M. Aleksandrov | AJ34: =IFERROR(__xludf.DUMMYFUNCTION("""COMPUTED_VALUE"""),"ID Kaart") -> ID Kaart | AK34: =IFERROR(__xludf.DUMMYFUNCTION("""COMPUTED_VALUE"""),6.51306517E8) -> 651306517 | AL34: =IFERROR(__xludf.DUMMYFUNCTION("""COMPUTED_VALUE"""),48164.0) -> 48164 | AM34: =IFERROR(__xludf.DUMMYFUNCTION("""COMPUTED_VALUE"""),"Bulgarije") -> Bulgarije | AN34: =IFERROR(__xludf.DUMMYFUNCTION("""COMPUTED_VALUE"""),"Angel Mladenov Aleksandrov") -> Angel Mladenov Aleksandrov | AO34: =IFERROR(__xludf.DUMMYFUNCTION("""COMPUTED_VALUE"""),1631.0) -> 1631
A35: =IFERROR(__xludf.DUMMYFUNCTION("""COMPUTED_VALUE"""),"Anton Angelov Bouw") -> Anton Angelov Bouw | B35: =IFERROR(__xludf.DUMMYFUNCTION("""COMPUTED_VALUE"""),"Anton Angelov Bouw") -> Anton Angelov Bouw | C35: =IFERROR(__xludf.DUMMYFUNCTION("""COMPUTED_VALUE"""),1064.0) -> 1064 | D35: =IFERROR(__xludf.DUMMYFUNCTION("""COMPUTED_VALUE"""),"Anton Georgiev Angelov") -> Anton Georgiev Angelov | E35: =IFERROR(__xludf.DUMMYFUNCTION("""COMPUTED_VALUE"""),"SBI-code: 4120 - Algemene burgerlijke en utiliteitsbouw") -> SBI-code: 4120 - Algemene burgerlijke en utiliteitsbouw | F35: =IFERROR(__xludf.DUMMYFUNCTION("""COMPUTED_VALUE"""),"0685758653") -> 0685758653 | G35: =IFERROR(__xludf.DUMMYFUNCTION("""COMPUTED_VALUE"""),"antonangelov23@icloud.com") -> antonangelov23@icloud.com | H35: =IFERROR(__xludf.DUMMYFUNCTION("""COMPUTED_VALUE"""),"Deimanstraat 238") -> Deimanstraat 238 | I35: =IFERROR(__xludf.DUMMYFUNCTION("""COMPUTED_VALUE"""),"2522BR") -> 2522BR | J35: =IFERROR(__xludf.DUMMYFUNCTION("""COMPUTED_VALUE"""),"s-Gravenhage") -> s-Gravenhage | K35: =IFERROR(__xludf.DUMMYFUNCTION("""COMPUTED_VALUE"""),"Nederland") -> Nederland | L35: =IFERROR(__xludf.DUMMYFUNCTION("""COMPUTED_VALUE"""),"Ангелов") -> Ангелов | M35: =IFERROR(__xludf.DUMMYFUNCTION("""COMPUTED_VALUE"""),44218.0) -> 44218 | N35: =IFERROR(__xludf.DUMMYFUNCTION("""COMPUTED_VALUE"""),"NL395245722B01") -> NL395245722B01 | O35: =IFERROR(__xludf.DUMMYFUNCTION("""COMPUTED_VALUE"""),8.183867E7) -> 81838670 | P35: =IFERROR(__xludf.DUMMYFUNCTION("""COMPUTED_VALUE"""),"NL86INGB0008642433") -> NL86INGB0008642433 | Q35: =IFERROR(__xludf.DUMMYFUNCTION("""COMPUTED_VALUE"""),44218.0) -> 44218 | S35: =IFERROR(__xludf.DUMMYFUNCTION("""COMPUTED_VALUE"""),"NL003608938B81") -> NL003608938B81 | T35: =IFERROR(__xludf.DUMMYFUNCTION("""COMPUTED_VALUE"""),3.95245722E8) -> 395245722 | U35: =IFERROR(__xludf.DUMMYFUNCTION("""COMPUTED_VALUE"""),"Eenmanszaak") -> Eenmanszaak | V35: =IFERROR(__xludf.DUMMYFUNCTION("""COMPUTED_VALUE"""),"000048105813") -> 000048105813 | W35: =IFERROR(__xludf.DUMMYFUNCTION("""COMPUTED_VALUE"""),"ink.antonangelovbouw.2288aa@zarabota.nl") -> ink.antonangelovbouw.2288aa@zarabota.nl | X35: =IFERROR(__xludf.DUMMYFUNCTION("""COMPUTED_VALUE"""),"ver.antonangelovbouw.2288aa@zarabota.nl") -> ver.antonangelovbouw.2288aa@zarabota.nl | Y35: =IFERROR(__xludf.DUMMYFUNCTION("""COMPUTED_VALUE"""),"Hr.") -> Hr. | Z35: =IFERROR(__xludf.DUMMYFUNCTION("""COMPUTED_VALUE"""),"Anton Georgiev") -> Anton Georgiev | AA35: =IFERROR(__xludf.DUMMYFUNCTION("""COMPUTED_VALUE"""),"Angelov") -> Angelov | AB35: =IFERROR(__xludf.DUMMYFUNCTION("""COMPUTED_VALUE"""),"A.G.") -> A.G. | AC35: =IFERROR(__xludf.DUMMYFUNCTION("""COMPUTED_VALUE"""),3.95245722E8) -> 395245722 | AD35: =IFERROR(__xludf.DUMMYFUNCTION("""COMPUTED_VALUE"""),32008.0) -> 32008 | AE35: =IFERROR(__xludf.DUMMYFUNCTION("""COMPUTED_VALUE"""),"bg") -> bg | AF35: =IFERROR(__xludf.DUMMYFUNCTION("""COMPUTED_VALUE"""),"Haskovo") -> Haskovo | AG35: =IFERROR(__xludf.DUMMYFUNCTION("""COMPUTED_VALUE"""),"Hr. A.G. Angelov") -> Hr. A.G. Angelov | AH35: =IFERROR(__xludf.DUMMYFUNCTION("""COMPUTED_VALUE"""),"NL63 INGB 0704 7361 87") -> NL63 INGB 0704 7361 87 | AJ35: =IFERROR(__xludf.DUMMYFUNCTION("""COMPUTED_VALUE"""),"ID Kaart") -> ID Kaart | AK35: =IFERROR(__xludf.DUMMYFUNCTION("""COMPUTED_VALUE"""),6.47370182E8) -> 647370182 | AL35: =IFERROR(__xludf.DUMMYFUNCTION("""COMPUTED_VALUE"""),46762.0) -> 46762 | AM35: =IFERROR(__xludf.DUMMYFUNCTION("""COMPUTED_VALUE"""),"Bulgarije") -> Bulgarije | AN35: =IFERROR(__xludf.DUMMYFUNCTION("""COMPUTED_VALUE"""),"Anton Georgiev Angelov") -> Anton Georgiev Angelov | AO35: =IFERROR(__xludf.DUMMYFUNCTION("""COMPUTED_VALUE"""),1063.0) -> 1063
A36: =IFERROR(__xludf.DUMMYFUNCTION("""COMPUTED_VALUE"""),"Antonyk Klusbedrijf") -> Antonyk Klusbedrijf | B36: =IFERROR(__xludf.DUMMYFUNCTION("""COMPUTED_VALUE"""),"Antonyk Klusbedrijf") -> Antonyk Klusbedrijf | C36: =IFERROR(__xludf.DUMMYFUNCTION("""COMPUTED_VALUE"""),1616.0) -> 1616 | D36: =IFERROR(__xludf.DUMMYFUNCTION("""COMPUTED_VALUE"""),"Andrii Antonyk") -> Andrii Antonyk | E36: =IFERROR(__xludf.DUMMYFUNCTION("""COMPUTED_VALUE"""),"SBI-code: 4120 - Algemene burgerlijke en utiliteitsbouw") -> SBI-code: 4120 - Algemene burgerlijke en utiliteitsbouw | F36: =IFERROR(__xludf.DUMMYFUNCTION("""COMPUTED_VALUE"""),"0630751924") -> 0630751924 | G36: =IFERROR(__xludf.DUMMYFUNCTION("""COMPUTED_VALUE"""),"andriy220884@gmail.com") -> andriy220884@gmail.com | H36: =IFERROR(__xludf.DUMMYFUNCTION("""COMPUTED_VALUE"""),"Thorbeckelaan 93") -> Thorbeckelaan 93 | I36: =IFERROR(__xludf.DUMMYFUNCTION("""COMPUTED_VALUE"""),"2564BH") -> 2564BH | J36: =IFERROR(__xludf.DUMMYFUNCTION("""COMPUTED_VALUE"""),"s-Gravenhage") -> s-Gravenhage | K36: =IFERROR(__xludf.DUMMYFUNCTION("""COMPUTED_VALUE"""),"Nederland") -> Nederland | L36: =IFERROR(__xludf.DUMMYFUNCTION("""COMPUTED_VALUE"""),"Антоник") -> Антоник | M36: =IFERROR(__xludf.DUMMYFUNCTION("""COMPUTED_VALUE"""),45401.0) -> 45401 | N36: =IFERROR(__xludf.DUMMYFUNCTION("""COMPUTED_VALUE"""),"NL540510105B01") -> NL540510105B01 | O36: =IFERROR(__xludf.DUMMYFUNCTION("""COMPUTED_VALUE"""),9.3680155E7) -> 93680155 | P36: =IFERROR(__xludf.DUMMYFUNCTION("""COMPUTED_VALUE"""),"NL40INGB0105136727") -> NL40INGB0105136727 | Q36: =IFERROR(__xludf.DUMMYFUNCTION("""COMPUTED_VALUE"""),45401.0) -> 45401 | S36: =IFERROR(__xludf.DUMMYFUNCTION("""COMPUTED_VALUE"""),"NL005035225B90") -> NL005035225B90 | T36: =IFERROR(__xludf.DUMMYFUNCTION("""COMPUTED_VALUE"""),5.40510105E8) -> 540510105 | U36: =IFERROR(__xludf.DUMMYFUNCTION("""COMPUTED_VALUE"""),"Eenmanszaak") -> Eenmanszaak | V36: =IFERROR(__xludf.DUMMYFUNCTION("""COMPUTED_VALUE"""),"000059204842") -> 000059204842 | W36: =IFERROR(__xludf.DUMMYFUNCTION("""COMPUTED_VALUE"""),"ink.antonyk.2288aa@zarabota.nl") -> ink.antonyk.2288aa@zarabota.nl | X36: =IFERROR(__xludf.DUMMYFUNCTION("""COMPUTED_VALUE"""),"ver.antonyk.2288aa@zarabota.nl") -> ver.antonyk.2288aa@zarabota.nl | Y36: =IFERROR(__xludf.DUMMYFUNCTION("""COMPUTED_VALUE"""),"Hr.") -> Hr. | Z36: =IFERROR(__xludf.DUMMYFUNCTION("""COMPUTED_VALUE"""),"Andrii") -> Andrii | AA36: =IFERROR(__xludf.DUMMYFUNCTION("""COMPUTED_VALUE"""),"Antonyk") -> Antonyk | AB36: =IFERROR(__xludf.DUMMYFUNCTION("""COMPUTED_VALUE"""),"A.") -> A. | AC36: =IFERROR(__xludf.DUMMYFUNCTION("""COMPUTED_VALUE"""),5.40510105E8) -> 540510105 | AD36: =IFERROR(__xludf.DUMMYFUNCTION("""COMPUTED_VALUE"""),30916.0) -> 30916 | AE36: =IFERROR(__xludf.DUMMYFUNCTION("""COMPUTED_VALUE"""),"bg") -> bg | AF36: =IFERROR(__xludf.DUMMYFUNCTION("""COMPUTED_VALUE"""),"Lviv") -> Lviv | AG36: =IFERROR(__xludf.DUMMYFUNCTION("""COMPUTED_VALUE"""),"Hr. A. Antonyk") -> Hr. A. Antonyk | AM36: =IFERROR(__xludf.DUMMYFUNCTION("""COMPUTED_VALUE"""),"Oekraïne") -> Oekraïne | AN36: =IFERROR(__xludf.DUMMYFUNCTION("""COMPUTED_VALUE"""),"Andrii Antonyk") -> Andrii Antonyk | AO36: =IFERROR(__xludf.DUMMYFUNCTION("""COMPUTED_VALUE"""),1616.0) -> 1616
A37: =IFERROR(__xludf.DUMMYFUNCTION("""COMPUTED_VALUE"""),"Anushev Onderhoudsbedrijf") -> Anushev Onderhoudsbedrijf | B37: =IFERROR(__xludf.DUMMYFUNCTION("""COMPUTED_VALUE"""),"Anushev Onderhoudsbedrijf") -> Anushev Onderhoudsbedrijf | C37: =IFERROR(__xludf.DUMMYFUNCTION("""COMPUTED_VALUE"""),955.0) -> 955 | D37: =IFERROR(__xludf.DUMMYFUNCTION("""COMPUTED_VALUE"""),"Stanko Radoslavov Anushev") -> Stanko Radoslavov Anushev | E37: =IFERROR(__xludf.DUMMYFUNCTION("""COMPUTED_VALUE"""),"SBI-code: 4120 - Algemene burgerlijke en utiliteitsbouw") -> SBI-code: 4120 - Algemene burgerlijke en utiliteitsbouw | F37: =IFERROR(__xludf.DUMMYFUNCTION("""COMPUTED_VALUE"""),"0649628440") -> 0649628440 | G37: =IFERROR(__xludf.DUMMYFUNCTION("""COMPUTED_VALUE"""),"s.anushev@gmail.com") -> s.anushev@gmail.com | H37: =IFERROR(__xludf.DUMMYFUNCTION("""COMPUTED_VALUE"""),"Vinkensteynstraat 103") -> Vinkensteynstraat 103 | I37: =IFERROR(__xludf.DUMMYFUNCTION("""COMPUTED_VALUE"""),"2562TN") -> 2562TN | J37: =IFERROR(__xludf.DUMMYFUNCTION("""COMPUTED_VALUE"""),"s-Gravenhage") -> s-Gravenhage | K37: =IFERROR(__xludf.DUMMYFUNCTION("""COMPUTED_VALUE"""),"Nederland") -> Nederland | L37: =IFERROR(__xludf.DUMMYFUNCTION("""COMPUTED_VALUE"""),"Анушев") -> Анушев | M37: =IFERROR(__xludf.DUMMYFUNCTION("""COMPUTED_VALUE"""),43885.0) -> 43885 | N37: =IFERROR(__xludf.DUMMYFUNCTION("""COMPUTED_VALUE"""),"NL639696818B01") -> NL639696818B01 | O37: =IFERROR(__xludf.DUMMYFUNCTION("""COMPUTED_VALUE"""),7.7352947E7) -> 77352947 | P37: =IFERROR(__xludf.DUMMYFUNCTION("""COMPUTED_VALUE"""),"NL14SNSB8839487395") -> NL14SNSB8839487395 | Q37: =IFERROR(__xludf.DUMMYFUNCTION("""COMPUTED_VALUE"""),43885.0) -> 43885 | S37: =IFERROR(__xludf.DUMMYFUNCTION("""COMPUTED_VALUE"""),"NL003190325B21") -> NL003190325B21 | T37: =IFERROR(__xludf.DUMMYFUNCTION("""COMPUTED_VALUE"""),6.39696818E8) -> 639696818 | U37: =IFERROR(__xludf.DUMMYFUNCTION("""COMPUTED_VALUE"""),"Eenmanszaak") -> Eenmanszaak | V37: =IFERROR(__xludf.DUMMYFUNCTION("""COMPUTED_VALUE"""),"000045059225") -> 000045059225 | W37: =IFERROR(__xludf.DUMMYFUNCTION("""COMPUTED_VALUE"""),"ink.anushevonderhoudsbedrijf.2288aa@zarabota.nl") -> ink.anushevonderhoudsbedrijf.2288aa@zarabota.nl | X37: =IFERROR(__xludf.DUMMYFUNCTION("""COMPUTED_VALUE"""),"ver.anushevonderhoudsbedrijf.2288aa@zarabota.nl") -> ver.anushevonderhoudsbedrijf.2288aa@zarabota.nl | Y37: =IFERROR(__xludf.DUMMYFUNCTION("""COMPUTED_VALUE"""),"Hr.") -> Hr. | Z37: =IFERROR(__xludf.DUMMYFUNCTION("""COMPUTED_VALUE"""),"Stanko Radoslavov") -> Stanko Radoslavov | AA37: =IFERROR(__xludf.DUMMYFUNCTION("""COMPUTED_VALUE"""),"Anushev") -> Anushev | AB37: =IFERROR(__xludf.DUMMYFUNCTION("""COMPUTED_VALUE"""),"S.R.") -> S.R. | AC37: =IFERROR(__xludf.DUMMYFUNCTION("""COMPUTED_VALUE"""),6.39696818E8) -> 639696818 | AD37: =IFERROR(__xludf.DUMMYFUNCTION("""COMPUTED_VALUE"""),33307.0) -> 33307 | AE37: =IFERROR(__xludf.DUMMYFUNCTION("""COMPUTED_VALUE"""),"bg") -> bg | AF37: =IFERROR(__xludf.DUMMYFUNCTION("""COMPUTED_VALUE"""),"Kardzhali") -> Kardzhali | AG37: =IFERROR(__xludf.DUMMYFUNCTION("""COMPUTED_VALUE""")," S.R. Anushev") -> S.R. Anushev | AH37: =IFERROR(__xludf.DUMMYFUNCTION("""COMPUTED_VALUE"""),"NL80SNSB0787492442") -> NL80SNSB0787492442 | AJ37: =IFERROR(__xludf.DUMMYFUNCTION("""COMPUTED_VALUE"""),"ID Kaart") -> ID Kaart | AK37: =IFERROR(__xludf.DUMMYFUNCTION("""COMPUTED_VALUE"""),6.4820843E8) -> 648208430 | AL37: =IFERROR(__xludf.DUMMYFUNCTION("""COMPUTED_VALUE"""),47165.0) -> 47165 | AM37: =IFERROR(__xludf.DUMMYFUNCTION("""COMPUTED_VALUE"""),"Bulgarije") -> Bulgarije | AN37: =IFERROR(__xludf.DUMMYFUNCTION("""COMPUTED_VALUE"""),"Stanko Radoslavov Anushev") -> Stanko Radoslavov Anushev
A38: =IFERROR(__xludf.DUMMYFUNCTION("""COMPUTED_VALUE"""),"APF Dienstverlening") -> APF Dienstverlening | B38: =IFERROR(__xludf.DUMMYFUNCTION("""COMPUTED_VALUE"""),"APF Dienstverlening") -> APF Dienstverlening | C38: =IFERROR(__xludf.DUMMYFUNCTION("""COMPUTED_VALUE"""),1467.0) -> 1467 | D38: =IFERROR(__xludf.DUMMYFUNCTION("""COMPUTED_VALUE"""),"Petros Anyfantakis") -> Petros Anyfantakis | E38: =IFERROR(__xludf.DUMMYFUNCTION("""COMPUTED_VALUE"""),"SBI-code: 4120 - Algemene burgerlijke en utiliteitsbouw") -> SBI-code: 4120 - Algemene burgerlijke en utiliteitsbouw | F38: =IFERROR(__xludf.DUMMYFUNCTION("""COMPUTED_VALUE"""),"+306987319009") -> +306987319009 | G38: =IFERROR(__xludf.DUMMYFUNCTION("""COMPUTED_VALUE"""),"petrosanyf089@gmail.com") -> petrosanyf089@gmail.com | H38: =IFERROR(__xludf.DUMMYFUNCTION("""COMPUTED_VALUE"""),"Paradijsweg 1") -> Paradijsweg 1 | I38: =IFERROR(__xludf.DUMMYFUNCTION("""COMPUTED_VALUE"""),"2042GC") -> 2042GC | J38: =IFERROR(__xludf.DUMMYFUNCTION("""COMPUTED_VALUE"""),"s-Gravenhage") -> s-Gravenhage | K38: =IFERROR(__xludf.DUMMYFUNCTION("""COMPUTED_VALUE"""),"Nederland") -> Nederland | L38: =IFERROR(__xludf.DUMMYFUNCTION("""COMPUTED_VALUE"""),"Anyfantakis") -> Anyfantakis | M38: =IFERROR(__xludf.DUMMYFUNCTION("""COMPUTED_VALUE"""),45027.0) -> 45027 | N38: =IFERROR(__xludf.DUMMYFUNCTION("""COMPUTED_VALUE"""),"NL329754439B01") -> NL329754439B01 | O38: =IFERROR(__xludf.DUMMYFUNCTION("""COMPUTED_VALUE"""),8.9865073E7) -> 89865073 | P38: =IFERROR(__xludf.DUMMYFUNCTION("""COMPUTED_VALUE"""),"NL40INGB0100474713") -> NL40INGB0100474713 | Q38: =IFERROR(__xludf.DUMMYFUNCTION("""COMPUTED_VALUE"""),45027.0) -> 45027 | S38: =IFERROR(__xludf.DUMMYFUNCTION("""COMPUTED_VALUE"""),"NL004767129B79") -> NL004767129B79 | T38: =IFERROR(__xludf.DUMMYFUNCTION("""COMPUTED_VALUE"""),3.29754439E8) -> 329754439 | U38: =IFERROR(__xludf.DUMMYFUNCTION("""COMPUTED_VALUE"""),"Eenmanszaak") -> Eenmanszaak | V38: =IFERROR(__xludf.DUMMYFUNCTION("""COMPUTED_VALUE"""),"000055625746") -> 000055625746 | W38: =IFERROR(__xludf.DUMMYFUNCTION("""COMPUTED_VALUE"""),"ink.apf.2288aa@zarabota.nl") -> ink.apf.2288aa@zarabota.nl | X38: =IFERROR(__xludf.DUMMYFUNCTION("""COMPUTED_VALUE"""),"ver.apf.2288aa@zarabota.nl") -> ver.apf.2288aa@zarabota.nl | Y38: =IFERROR(__xludf.DUMMYFUNCTION("""COMPUTED_VALUE"""),"Hr.") -> Hr. | Z38: =IFERROR(__xludf.DUMMYFUNCTION("""COMPUTED_VALUE"""),"Petros") -> Petros | AA38: =IFERROR(__xludf.DUMMYFUNCTION("""COMPUTED_VALUE"""),"Anyfantakis") -> Anyfantakis | AB38: =IFERROR(__xludf.DUMMYFUNCTION("""COMPUTED_VALUE"""),"P.") -> P. | AC38: =IFERROR(__xludf.DUMMYFUNCTION("""COMPUTED_VALUE"""),3.29754439E8) -> 329754439 | AD38: =IFERROR(__xludf.DUMMYFUNCTION("""COMPUTED_VALUE"""),32766.0) -> 32766 | AE38: =IFERROR(__xludf.DUMMYFUNCTION("""COMPUTED_VALUE"""),"en") -> en | AG38: =IFERROR(__xludf.DUMMYFUNCTION("""COMPUTED_VALUE"""),"Hr. P. Anyfantakis") -> Hr. P. Anyfantakis | AH38: =IFERROR(__xludf.DUMMYFUNCTION("""COMPUTED_VALUE"""),"NL59INGB0103357793") -> NL59INGB0103357793 | AJ38: =IFERROR(__xludf.DUMMYFUNCTION("""COMPUTED_VALUE"""),"Paspoort") -> Paspoort | AK38: =IFERROR(__xludf.DUMMYFUNCTION("""COMPUTED_VALUE"""),"at5579258") -> at5579258 | AL38: =IFERROR(__xludf.DUMMYFUNCTION("""COMPUTED_VALUE"""),46516.0) -> 46516 | AM38: =IFERROR(__xludf.DUMMYFUNCTION("""COMPUTED_VALUE"""),"Bulgarije") -> Bulgarije | AN38: =IFERROR(__xludf.DUMMYFUNCTION("""COMPUTED_VALUE"""),"Petros Anyfantakis") -> Petros Anyfantakis | AO38: =IFERROR(__xludf.DUMMYFUNCTION("""COMPUTED_VALUE"""),1467.0) -> 1467
A39: =IFERROR(__xludf.DUMMYFUNCTION("""COMPUTED_VALUE"""),"APRIBOUW VOF") -> APRIBOUW VOF | B39: =IFERROR(__xludf.DUMMYFUNCTION("""COMPUTED_VALUE"""),"APRIBOUW VOF") -> APRIBOUW VOF | C39: =IFERROR(__xludf.DUMMYFUNCTION("""COMPUTED_VALUE"""),1512.0) -> 1512 | D39: =IFERROR(__xludf.DUMMYFUNCTION("""COMPUTED_VALUE"""),"Sergii Volianiuk") -> Sergii Volianiuk | E39: =IFERROR(__xludf.DUMMYFUNCTION("""COMPUTED_VALUE"""),"SBI-code: 4120 - Algemene burgerlijke en utiliteitsbouw") -> SBI-code: 4120 - Algemene burgerlijke en utiliteitsbouw | F39: =IFERROR(__xludf.DUMMYFUNCTION("""COMPUTED_VALUE"""),"0685137374") -> 0685137374 | G39: =IFERROR(__xludf.DUMMYFUNCTION("""COMPUTED_VALUE"""),"apribouw@gmail.com") -> apribouw@gmail.com | H39: =IFERROR(__xludf.DUMMYFUNCTION("""COMPUTED_VALUE"""),"B.Thoenplantsoen 26") -> B.Thoenplantsoen 26 | I39: =IFERROR(__xludf.DUMMYFUNCTION("""COMPUTED_VALUE"""),"2552JK") -> 2552JK | J39: =IFERROR(__xludf.DUMMYFUNCTION("""COMPUTED_VALUE"""),"s-Gravenhage") -> s-Gravenhage | K39: =IFERROR(__xludf.DUMMYFUNCTION("""COMPUTED_VALUE"""),"Nederland") -> Nederland | L39: =IFERROR(__xludf.DUMMYFUNCTION("""COMPUTED_VALUE"""),"Волянюк") -> Волянюк | M39: =IFERROR(__xludf.DUMMYFUNCTION("""COMPUTED_VALUE"""),45017.0) -> 45017 | N39: =IFERROR(__xludf.DUMMYFUNCTION("""COMPUTED_VALUE"""),"NL865099820B01") -> NL865099820B01 | O39: =IFERROR(__xludf.DUMMYFUNCTION("""COMPUTED_VALUE"""),8.9767217E7) -> 89767217 | P39: =IFERROR(__xludf.DUMMYFUNCTION("""COMPUTED_VALUE"""),"NL82INGB0100570666") -> NL82INGB0100570666 | Q39: =IFERROR(__xludf.DUMMYFUNCTION("""COMPUTED_VALUE"""),45017.0) -> 45017 | S39: =IFERROR(__xludf.DUMMYFUNCTION("""COMPUTED_VALUE"""),"NL865099820B01") -> NL865099820B01 | T39: =IFERROR(__xludf.DUMMYFUNCTION("""COMPUTED_VALUE"""),8.6509982E8) -> 865099820 | U39: =IFERROR(__xludf.DUMMYFUNCTION("""COMPUTED_VALUE"""),"Eenmanszaak") -> Eenmanszaak | V39: =IFERROR(__xludf.DUMMYFUNCTION("""COMPUTED_VALUE"""),"000055537359") -> 000055537359 | W39: =IFERROR(__xludf.DUMMYFUNCTION("""COMPUTED_VALUE"""),"ink.apribouw.2288aa@zarabota.nl") -> ink.apribouw.2288aa@zarabota.nl | X39: =IFERROR(__xludf.DUMMYFUNCTION("""COMPUTED_VALUE"""),"ver.apribouw.2288aa@zarabota.nl") -> ver.apribouw.2288aa@zarabota.nl | Y39: =IFERROR(__xludf.DUMMYFUNCTION("""COMPUTED_VALUE"""),"Hr.") -> Hr. | Z39: =IFERROR(__xludf.DUMMYFUNCTION("""COMPUTED_VALUE"""),"Sergii") -> Sergii | AA39: =IFERROR(__xludf.DUMMYFUNCTION("""COMPUTED_VALUE"""),"Volianiuk") -> Volianiuk | AB39: =IFERROR(__xludf.DUMMYFUNCTION("""COMPUTED_VALUE"""),"S.") -> S. | AC39: =IFERROR(__xludf.DUMMYFUNCTION("""COMPUTED_VALUE"""),3.70102721E8) -> 370102721 | AD39: =IFERROR(__xludf.DUMMYFUNCTION("""COMPUTED_VALUE"""),28609.0) -> 28609 | AE39: =IFERROR(__xludf.DUMMYFUNCTION("""COMPUTED_VALUE"""),"bg") -> bg | AF39: =IFERROR(__xludf.DUMMYFUNCTION("""COMPUTED_VALUE"""),"Onbekend") -> Onbekend | AG39: =IFERROR(__xludf.DUMMYFUNCTION("""COMPUTED_VALUE"""),"Hr. S. Volianiuk") -> Hr. S. Volianiuk | AJ39: =IFERROR(__xludf.DUMMYFUNCTION("""COMPUTED_VALUE"""),"Paspoort") -> Paspoort | AK39: =IFERROR(__xludf.DUMMYFUNCTION("""COMPUTED_VALUE"""),"FY242287") -> FY242287 | AL39: =IFERROR(__xludf.DUMMYFUNCTION("""COMPUTED_VALUE"""),47497.0) -> 47497 | AM39: =IFERROR(__xludf.DUMMYFUNCTION("""COMPUTED_VALUE"""),"Bulgarije") -> Bulgarije | AN39: =IFERROR(__xludf.DUMMYFUNCTION("""COMPUTED_VALUE"""),"Sergii Volianiuk") -> Sergii Volianiuk | AO39: =IFERROR(__xludf.DUMMYFUNCTION("""COMPUTED_VALUE"""),1512.0) -> 1512
A40: =IFERROR(__xludf.DUMMYFUNCTION("""COMPUTED_VALUE"""),"ARA Services") -> ARA Services | B40: =IFERROR(__xludf.DUMMYFUNCTION("""COMPUTED_VALUE"""),"ARA Services") -> ARA Services | C40: =IFERROR(__xludf.DUMMYFUNCTION("""COMPUTED_VALUE"""),313.0) -> 313 | D40: =IFERROR(__xludf.DUMMYFUNCTION("""COMPUTED_VALUE"""),"Rosen Asenov Atanasov") -> Rosen Asenov Atanasov | E40: =IFERROR(__xludf.DUMMYFUNCTION("""COMPUTED_VALUE"""),"SBI-code: 4120 - Algemene burgerlijke en utiliteitsbouw") -> SBI-code: 4120 - Algemene burgerlijke en utiliteitsbouw | F40: =IFERROR(__xludf.DUMMYFUNCTION("""COMPUTED_VALUE"""),"0614729133") -> 0614729133 | G40: =IFERROR(__xludf.DUMMYFUNCTION("""COMPUTED_VALUE"""),"ara.atanasov@gmail.com") -> ara.atanasov@gmail.com | H40: =IFERROR(__xludf.DUMMYFUNCTION("""COMPUTED_VALUE"""),"van Leeuwenhoeklaan 198") -> van Leeuwenhoeklaan 198 | I40: =IFERROR(__xludf.DUMMYFUNCTION("""COMPUTED_VALUE"""),"4708BD") -> 4708BD | J40: =IFERROR(__xludf.DUMMYFUNCTION("""COMPUTED_VALUE"""),"s-Gravenhage") -> s-Gravenhage | K40: =IFERROR(__xludf.DUMMYFUNCTION("""COMPUTED_VALUE"""),"Nederland") -> Nederland | L40: =IFERROR(__xludf.DUMMYFUNCTION("""COMPUTED_VALUE"""),"Атанасов") -> Атанасов | M40: =IFERROR(__xludf.DUMMYFUNCTION("""COMPUTED_VALUE"""),43175.0) -> 43175 | N40: =IFERROR(__xludf.DUMMYFUNCTION("""COMPUTED_VALUE"""),"NL546944176B01") -> NL546944176B01 | O40: =IFERROR(__xludf.DUMMYFUNCTION("""COMPUTED_VALUE"""),6.6053587E7) -> 66053587 | P40: =IFERROR(__xludf.DUMMYFUNCTION("""COMPUTED_VALUE"""),"NL42INGB0007306662") -> NL42INGB0007306662 | Q40: =IFERROR(__xludf.DUMMYFUNCTION("""COMPUTED_VALUE"""),42502.0) -> 42502 | S40: =IFERROR(__xludf.DUMMYFUNCTION("""COMPUTED_VALUE"""),"NL002498696B95") -> NL002498696B95 | T40: =IFERROR(__xludf.DUMMYFUNCTION("""COMPUTED_VALUE"""),5.46944176E8) -> 546944176 | U40: =IFERROR(__xludf.DUMMYFUNCTION("""COMPUTED_VALUE"""),"Eenmanszaak") -> Eenmanszaak | V40: =IFERROR(__xludf.DUMMYFUNCTION("""COMPUTED_VALUE"""),"000034712690") -> 000034712690 | W40: =IFERROR(__xludf.DUMMYFUNCTION("""COMPUTED_VALUE"""),"ink.araservices.2288aa@zarabota.nl") -> ink.araservices.2288aa@zarabota.nl | X40: =IFERROR(__xludf.DUMMYFUNCTION("""COMPUTED_VALUE"""),"ver.araservices.2288aa@zarabota.nl") -> ver.araservices.2288aa@zarabota.nl | Y40: =IFERROR(__xludf.DUMMYFUNCTION("""COMPUTED_VALUE"""),"Hr.") -> Hr. | Z40: =IFERROR(__xludf.DUMMYFUNCTION("""COMPUTED_VALUE"""),"Rosen Asenov") -> Rosen Asenov | AA40: =IFERROR(__xludf.DUMMYFUNCTION("""COMPUTED_VALUE"""),"Atanasov") -> Atanasov | AB40: =IFERROR(__xludf.DUMMYFUNCTION("""COMPUTED_VALUE"""),"R.A.") -> R.A. | AC40: =IFERROR(__xludf.DUMMYFUNCTION("""COMPUTED_VALUE"""),5.46944176E8) -> 546944176 | AD40: =IFERROR(__xludf.DUMMYFUNCTION("""COMPUTED_VALUE"""),28539.0) -> 28539 | AE40: =IFERROR(__xludf.DUMMYFUNCTION("""COMPUTED_VALUE"""),"bg") -> bg | AF40: =IFERROR(__xludf.DUMMYFUNCTION("""COMPUTED_VALUE"""),"Smolyan") -> Smolyan | AG40: =IFERROR(__xludf.DUMMYFUNCTION("""COMPUTED_VALUE"""),"Hr. R.A. Atanasov") -> Hr. R.A. Atanasov | AH40: =IFERROR(__xludf.DUMMYFUNCTION("""COMPUTED_VALUE"""),"NL69INGB0702915971") -> NL69INGB0702915971 | AI40: =IFERROR(__xludf.DUMMYFUNCTION("""COMPUTED_VALUE"""),42502.0) -> 42502 | AN40: =IFERROR(__xludf.DUMMYFUNCTION("""COMPUTED_VALUE"""),"Rosen Asenov Atanasov") -> Rosen Asenov Atanasov
A41: =IFERROR(__xludf.DUMMYFUNCTION("""COMPUTED_VALUE"""),"AREA Trans VOF") -> AREA Trans VOF | B41: =IFERROR(__xludf.DUMMYFUNCTION("""COMPUTED_VALUE"""),"AREA Trans VOF") -> AREA Trans VOF | C41: =IFERROR(__xludf.DUMMYFUNCTION("""COMPUTED_VALUE"""),1267.0) -> 1267 | D41: =IFERROR(__xludf.DUMMYFUNCTION("""COMPUTED_VALUE"""),"Aleksandar Zdravkov Stamboliyski") -> Aleksandar Zdravkov Stamboliyski | E41: =IFERROR(__xludf.DUMMYFUNCTION("""COMPUTED_VALUE"""),"SBI-code: 4120 - Algemene burgerlijke en utiliteitsbouw") -> SBI-code: 4120 - Algemene burgerlijke en utiliteitsbouw | F41: =IFERROR(__xludf.DUMMYFUNCTION("""COMPUTED_VALUE"""),"+31612833600") -> +31612833600 | G41: =IFERROR(__xludf.DUMMYFUNCTION("""COMPUTED_VALUE"""),"areatrans20@gmail.com") -> areatrans20@gmail.com | H41: =IFERROR(__xludf.DUMMYFUNCTION("""COMPUTED_VALUE"""),"Donk 2B") -> Donk 2B | I41: =IFERROR(__xludf.DUMMYFUNCTION("""COMPUTED_VALUE"""),"2991LE") -> 2991LE | J41: =IFERROR(__xludf.DUMMYFUNCTION("""COMPUTED_VALUE"""),"s-Gravenhage") -> s-Gravenhage | K41: =IFERROR(__xludf.DUMMYFUNCTION("""COMPUTED_VALUE"""),"Nederland") -> Nederland | L41: =IFERROR(__xludf.DUMMYFUNCTION("""COMPUTED_VALUE"""),"Стамболийски") -> Стамболийски | M41: =IFERROR(__xludf.DUMMYFUNCTION("""COMPUTED_VALUE"""),44562.0) -> 44562 | N41: =IFERROR(__xludf.DUMMYFUNCTION("""COMPUTED_VALUE"""),"NL864923624B01") -> NL864923624B01 | O41: =IFERROR(__xludf.DUMMYFUNCTION("""COMPUTED_VALUE"""),8.9249003E7) -> 89249003 | P41: =IFERROR(__xludf.DUMMYFUNCTION("""COMPUTED_VALUE"""),"NL31INGB0008642453") -> NL31INGB0008642453 | Q41: =IFERROR(__xludf.DUMMYFUNCTION("""COMPUTED_VALUE"""),44531.0) -> 44531 | S41: =IFERROR(__xludf.DUMMYFUNCTION("""COMPUTED_VALUE"""),"NL864923624B01") -> NL864923624B01 | T41: =IFERROR(__xludf.DUMMYFUNCTION("""COMPUTED_VALUE"""),8.64923624E8) -> 864923624 | U41: =IFERROR(__xludf.DUMMYFUNCTION("""COMPUTED_VALUE"""),"Eenmanszaak") -> Eenmanszaak | V41: =IFERROR(__xludf.DUMMYFUNCTION("""COMPUTED_VALUE"""),"000046619747") -> 000046619747 | W41: =IFERROR(__xludf.DUMMYFUNCTION("""COMPUTED_VALUE"""),"ink.areatrans.2288aa@zarabota.nl") -> ink.areatrans.2288aa@zarabota.nl | X41: =IFERROR(__xludf.DUMMYFUNCTION("""COMPUTED_VALUE"""),"ver.areatrans.2288aa@zarabota.nl") -> ver.areatrans.2288aa@zarabota.nl | Y41: =IFERROR(__xludf.DUMMYFUNCTION("""COMPUTED_VALUE"""),"Hr.") -> Hr. | Z41: =IFERROR(__xludf.DUMMYFUNCTION("""COMPUTED_VALUE"""),"Aleksandar Zdravkov") -> Aleksandar Zdravkov | AA41: =IFERROR(__xludf.DUMMYFUNCTION("""COMPUTED_VALUE"""),"Stamboliyski") -> Stamboliyski | AB41: =IFERROR(__xludf.DUMMYFUNCTION("""COMPUTED_VALUE"""),"A.Z.") -> A.Z. | AC41: =IFERROR(__xludf.DUMMYFUNCTION("""COMPUTED_VALUE"""),6.76590342E8) -> 676590342 | AD41: =IFERROR(__xludf.DUMMYFUNCTION("""COMPUTED_VALUE"""),28990.0) -> 28990 | AE41: =IFERROR(__xludf.DUMMYFUNCTION("""COMPUTED_VALUE"""),"bg") -> bg | AF41: =IFERROR(__xludf.DUMMYFUNCTION("""COMPUTED_VALUE"""),"Kyustendil") -> Kyustendil | AG41: =IFERROR(__xludf.DUMMYFUNCTION("""COMPUTED_VALUE"""),"Hr. A.Z. Stamboliyski") -> Hr. A.Z. Stamboliyski | AH41: =IFERROR(__xludf.DUMMYFUNCTION("""COMPUTED_VALUE"""),"NL13INGB0799423831") -> NL13INGB0799423831 | AJ41: =IFERROR(__xludf.DUMMYFUNCTION("""COMPUTED_VALUE"""),"ID Kaart") -> ID Kaart | AK41: =IFERROR(__xludf.DUMMYFUNCTION("""COMPUTED_VALUE"""),6.46692362E8) -> 646692362 | AL41: =IFERROR(__xludf.DUMMYFUNCTION("""COMPUTED_VALUE"""),46350.0) -> 46350 | AM41: =IFERROR(__xludf.DUMMYFUNCTION("""COMPUTED_VALUE"""),"Bulgarije") -> Bulgarije | AN41: =IFERROR(__xludf.DUMMYFUNCTION("""COMPUTED_VALUE"""),"Aleksandar Zdravkov Stamboliyski") -> Aleksandar Zdravkov Stamboliyski | AO41: =IFERROR(__xludf.DUMMYFUNCTION("""COMPUTED_VALUE"""),1267.0) -> 1267
A42: =IFERROR(__xludf.DUMMYFUNCTION("""COMPUTED_VALUE"""),"ARRS Bouw") -> ARRS Bouw | B42: =IFERROR(__xludf.DUMMYFUNCTION("""COMPUTED_VALUE"""),"ARRS Bouw") -> ARRS Bouw | C42: =IFERROR(__xludf.DUMMYFUNCTION("""COMPUTED_VALUE"""),1048.0) -> 1048 | D42: =IFERROR(__xludf.DUMMYFUNCTION("""COMPUTED_VALUE"""),"Atanas Goranov Vasilev") -> Atanas Goranov Vasilev | E42: =IFERROR(__xludf.DUMMYFUNCTION("""COMPUTED_VALUE"""),"SBI-code: 4120 - Algemene burgerlijke en utiliteitsbouw") -> SBI-code: 4120 - Algemene burgerlijke en utiliteitsbouw | F42: =IFERROR(__xludf.DUMMYFUNCTION("""COMPUTED_VALUE"""),"0687700931") -> 0687700931 | G42: =IFERROR(__xludf.DUMMYFUNCTION("""COMPUTED_VALUE"""),"nasko191981@gmail.com") -> nasko191981@gmail.com | H42: =IFERROR(__xludf.DUMMYFUNCTION("""COMPUTED_VALUE"""),"Soestdijkseplein 3") -> Soestdijkseplein 3 | I42: =IFERROR(__xludf.DUMMYFUNCTION("""COMPUTED_VALUE"""),"2574 GX") -> 2574 GX | J42: =IFERROR(__xludf.DUMMYFUNCTION("""COMPUTED_VALUE"""),"s-Gravenhage") -> s-Gravenhage | K42: =IFERROR(__xludf.DUMMYFUNCTION("""COMPUTED_VALUE"""),"Nederland") -> Nederland | L42: =IFERROR(__xludf.DUMMYFUNCTION("""COMPUTED_VALUE"""),"Василев") -> Василев | M42: =IFERROR(__xludf.DUMMYFUNCTION("""COMPUTED_VALUE"""),45017.0) -> 45017 | N42: =IFERROR(__xludf.DUMMYFUNCTION("""COMPUTED_VALUE"""),"NL300516599B01") -> NL300516599B01 | O42: =IFERROR(__xludf.DUMMYFUNCTION("""COMPUTED_VALUE"""),8.105184E7) -> 81051840 | P42: =IFERROR(__xludf.DUMMYFUNCTION("""COMPUTED_VALUE"""),"NL91SNSB8845762394") -> NL91SNSB8845762394 | Q42: =IFERROR(__xludf.DUMMYFUNCTION("""COMPUTED_VALUE"""),44166.0) -> 44166 | S42: =IFERROR(__xludf.DUMMYFUNCTION("""COMPUTED_VALUE"""),"NL003523036B12") -> NL003523036B12 | T42: =IFERROR(__xludf.DUMMYFUNCTION("""COMPUTED_VALUE"""),3.00516599E8) -> 300516599 | U42: =IFERROR(__xludf.DUMMYFUNCTION("""COMPUTED_VALUE"""),"Eenmanszaak") -> Eenmanszaak | V42: =IFERROR(__xludf.DUMMYFUNCTION("""COMPUTED_VALUE"""),"000047376198") -> 000047376198 | W42: =IFERROR(__xludf.DUMMYFUNCTION("""COMPUTED_VALUE"""),"ink.arrsbouw.2288aa@zarabota.nl") -> ink.arrsbouw.2288aa@zarabota.nl | X42: =IFERROR(__xludf.DUMMYFUNCTION("""COMPUTED_VALUE"""),"ver.arrsbouw.2288aa@zarabota.nl") -> ver.arrsbouw.2288aa@zarabota.nl | Y42: =IFERROR(__xludf.DUMMYFUNCTION("""COMPUTED_VALUE"""),"Hr.") -> Hr. | Z42: =IFERROR(__xludf.DUMMYFUNCTION("""COMPUTED_VALUE"""),"Atanas Goranov") -> Atanas Goranov | AA42: =IFERROR(__xludf.DUMMYFUNCTION("""COMPUTED_VALUE"""),"Vasilev") -> Vasilev | AB42: =IFERROR(__xludf.DUMMYFUNCTION("""COMPUTED_VALUE"""),"A.G.") -> A.G. | AC42: =IFERROR(__xludf.DUMMYFUNCTION("""COMPUTED_VALUE"""),3.00516599E8) -> 300516599 | AD42: =IFERROR(__xludf.DUMMYFUNCTION("""COMPUTED_VALUE"""),29636.0) -> 29636 | AE42: =IFERROR(__xludf.DUMMYFUNCTION("""COMPUTED_VALUE"""),"bg") -> bg | AF42: =IFERROR(__xludf.DUMMYFUNCTION("""COMPUTED_VALUE"""),"Varna") -> Varna | AG42: =IFERROR(__xludf.DUMMYFUNCTION("""COMPUTED_VALUE"""),"Hr. A.G. Vasilev") -> Hr. A.G. Vasilev | AH42: =IFERROR(__xludf.DUMMYFUNCTION("""COMPUTED_VALUE"""),"NL24INGB0433292768") -> NL24INGB0433292768 | AJ42: =IFERROR(__xludf.DUMMYFUNCTION("""COMPUTED_VALUE"""),"ID Kaart") -> ID Kaart | AK42: =IFERROR(__xludf.DUMMYFUNCTION("""COMPUTED_VALUE"""),6.44634001E8) -> 644634001 | AL42: =IFERROR(__xludf.DUMMYFUNCTION("""COMPUTED_VALUE"""),45068.0) -> 45068 | AM42: =IFERROR(__xludf.DUMMYFUNCTION("""COMPUTED_VALUE"""),"Bulgarije") -> Bulgarije | AN42: =IFERROR(__xludf.DUMMYFUNCTION("""COMPUTED_VALUE"""),"Atanas Goranov Vasilev") -> Atanas Goranov Vasilev | AO42: =IFERROR(__xludf.DUMMYFUNCTION("""COMPUTED_VALUE"""),1048.0) -> 1048
A43: =IFERROR(__xludf.DUMMYFUNCTION("""COMPUTED_VALUE"""),"ArsAlan Steigerbouw") -> ArsAlan Steigerbouw | B43: =IFERROR(__xludf.DUMMYFUNCTION("""COMPUTED_VALUE"""),"ArsAlan Steigerbouw") -> ArsAlan Steigerbouw | C43: =IFERROR(__xludf.DUMMYFUNCTION("""COMPUTED_VALUE"""),1737.0) -> 1737 | D43: =IFERROR(__xludf.DUMMYFUNCTION("""COMPUTED_VALUE"""),"Spartak Nodarovich Khaliev") -> Spartak Nodarovich Khaliev | E43: =IFERROR(__xludf.DUMMYFUNCTION("""COMPUTED_VALUE"""),"SBI-code: 4120 - Algemene burgerlijke en utiliteitsbouw") -> SBI-code: 4120 - Algemene burgerlijke en utiliteitsbouw | F43: =IFERROR(__xludf.DUMMYFUNCTION("""COMPUTED_VALUE"""),"0631223132") -> 0631223132 | G43: =IFERROR(__xludf.DUMMYFUNCTION("""COMPUTED_VALUE"""),"arsalans.iron@gmail.com") -> arsalans.iron@gmail.com | H43: =IFERROR(__xludf.DUMMYFUNCTION("""COMPUTED_VALUE"""),"Leiwater 99") -> Leiwater 99 | I43: =IFERROR(__xludf.DUMMYFUNCTION("""COMPUTED_VALUE"""),"2715BB") -> 2715BB | J43: =IFERROR(__xludf.DUMMYFUNCTION("""COMPUTED_VALUE"""),"Zoetermeer") -> Zoetermeer | K43: =IFERROR(__xludf.DUMMYFUNCTION("""COMPUTED_VALUE"""),"Nederland") -> Nederland | L43: =IFERROR(__xludf.DUMMYFUNCTION("""COMPUTED_VALUE"""),"Халиев") -> Халиев | M43: =IFERROR(__xludf.DUMMYFUNCTION("""COMPUTED_VALUE"""),45658.0) -> 45658 | N43: =IFERROR(__xludf.DUMMYFUNCTION("""COMPUTED_VALUE"""),"NL335172908B01") -> NL335172908B01 | O43: =IFERROR(__xludf.DUMMYFUNCTION("""COMPUTED_VALUE"""),7.4472682E7) -> 74472682 | P43: =IFERROR(__xludf.DUMMYFUNCTION("""COMPUTED_VALUE"""),"NL98INGB0009209861") -> NL98INGB0009209861 | Q43: =IFERROR(__xludf.DUMMYFUNCTION("""COMPUTED_VALUE"""),43556.0) -> 43556 | S43: =IFERROR(__xludf.DUMMYFUNCTION("""COMPUTED_VALUE"""),"NL002470015B10") -> NL002470015B10 | T43: =IFERROR(__xludf.DUMMYFUNCTION("""COMPUTED_VALUE"""),3.35172908E8) -> 335172908 | U43: =IFERROR(__xludf.DUMMYFUNCTION("""COMPUTED_VALUE"""),"Eenmanszaak") -> Eenmanszaak | V43: =IFERROR(__xludf.DUMMYFUNCTION("""COMPUTED_VALUE"""),"000042426650") -> 000042426650 | W43: =IFERROR(__xludf.DUMMYFUNCTION("""COMPUTED_VALUE"""),"ink.arsalan.2288aa@zarabota.nl") -> ink.arsalan.2288aa@zarabota.nl | X43: =IFERROR(__xludf.DUMMYFUNCTION("""COMPUTED_VALUE"""),"ver.arsalan.2288aa@zarabota.nl") -> ver.arsalan.2288aa@zarabota.nl | Y43: =IFERROR(__xludf.DUMMYFUNCTION("""COMPUTED_VALUE"""),"Hr.") -> Hr. | Z43: =IFERROR(__xludf.DUMMYFUNCTION("""COMPUTED_VALUE"""),"Spartak Nodarovich") -> Spartak Nodarovich | AA43: =IFERROR(__xludf.DUMMYFUNCTION("""COMPUTED_VALUE"""),"Khaliev") -> Khaliev | AB43: =IFERROR(__xludf.DUMMYFUNCTION("""COMPUTED_VALUE"""),"S.N.") -> S.N. | AC43: =IFERROR(__xludf.DUMMYFUNCTION("""COMPUTED_VALUE"""),3.35172908E8) -> 335172908 | AD43: =IFERROR(__xludf.DUMMYFUNCTION("""COMPUTED_VALUE"""),34507.0) -> 34507 | AE43: =IFERROR(__xludf.DUMMYFUNCTION("""COMPUTED_VALUE"""),"ru") -> ru | AF43: =IFERROR(__xludf.DUMMYFUNCTION("""COMPUTED_VALUE"""),"Alania") -> Alania | AG43: =IFERROR(__xludf.DUMMYFUNCTION("""COMPUTED_VALUE"""),"Hr. S.N. Khaliev") -> Hr. S.N. Khaliev | AJ43: =IFERROR(__xludf.DUMMYFUNCTION("""COMPUTED_VALUE"""),"Verblijf Kaart") -> Verblijf Kaart | AK43: =IFERROR(__xludf.DUMMYFUNCTION("""COMPUTED_VALUE"""),"VMC2PDCC7") -> VMC2PDCC7 | AL43: =IFERROR(__xludf.DUMMYFUNCTION("""COMPUTED_VALUE"""),47006.0) -> 47006 | AM43: =IFERROR(__xludf.DUMMYFUNCTION("""COMPUTED_VALUE"""),"Rusland") -> Rusland | AN43: =IFERROR(__xludf.DUMMYFUNCTION("""COMPUTED_VALUE"""),"Spartak Nodarovich Khaliev") -> Spartak Nodarovich Khaliev
A44: =IFERROR(__xludf.DUMMYFUNCTION("""COMPUTED_VALUE"""),"Arsenij's Enterprise") -> Arsenij's Enterprise | B44: =IFERROR(__xludf.DUMMYFUNCTION("""COMPUTED_VALUE"""),"Arsenij's Enterprise (AC Montage)") -> Arsenij's Enterprise (AC Montage) | C44: =IFERROR(__xludf.DUMMYFUNCTION("""COMPUTED_VALUE"""),1730.0) -> 1730 | D44: =IFERROR(__xludf.DUMMYFUNCTION("""COMPUTED_VALUE"""),"Arsenijs Čistjakovs") -> Arsenijs Čistjakovs | E44: =IFERROR(__xludf.DUMMYFUNCTION("""COMPUTED_VALUE"""),"SBI-code: 4120 - Algemene burgerlijke en utiliteitsbouw") -> SBI-code: 4120 - Algemene burgerlijke en utiliteitsbouw | F44: =IFERROR(__xludf.DUMMYFUNCTION("""COMPUTED_VALUE"""),"0684672597") -> 0684672597 | G44: =IFERROR(__xludf.DUMMYFUNCTION("""COMPUTED_VALUE"""),"arsenijs321@gmail.com") -> arsenijs321@gmail.com | H44: =IFERROR(__xludf.DUMMYFUNCTION("""COMPUTED_VALUE"""),"Simonsstraat 42") -> Simonsstraat 42 | I44: =IFERROR(__xludf.DUMMYFUNCTION("""COMPUTED_VALUE"""),"2628TH") -> 2628TH | J44: =IFERROR(__xludf.DUMMYFUNCTION("""COMPUTED_VALUE"""),"Delft") -> Delft | K44: =IFERROR(__xludf.DUMMYFUNCTION("""COMPUTED_VALUE"""),"Nederland") -> Nederland | L44: =IFERROR(__xludf.DUMMYFUNCTION("""COMPUTED_VALUE"""),"Čistjakovs") -> Čistjakovs | M44: =IFERROR(__xludf.DUMMYFUNCTION("""COMPUTED_VALUE"""),45915.0) -> 45915 | N44: =IFERROR(__xludf.DUMMYFUNCTION("""COMPUTED_VALUE"""),"NL280095831B01") -> NL280095831B01 | O44: =IFERROR(__xludf.DUMMYFUNCTION("""COMPUTED_VALUE"""),9.4453934E7) -> 94453934 | P44: =IFERROR(__xludf.DUMMYFUNCTION("""COMPUTED_VALUE"""),"NL93INGB0107878933") -> NL93INGB0107878933 | Q44: =IFERROR(__xludf.DUMMYFUNCTION("""COMPUTED_VALUE"""),45488.0) -> 45488 | S44: =IFERROR(__xludf.DUMMYFUNCTION("""COMPUTED_VALUE"""),"NL005084942B98") -> NL005084942B98 | T44: =IFERROR(__xludf.DUMMYFUNCTION("""COMPUTED_VALUE"""),2.80095831E8) -> 280095831 | U44: =IFERROR(__xludf.DUMMYFUNCTION("""COMPUTED_VALUE"""),"Eenmanszaak") -> Eenmanszaak | V44: =IFERROR(__xludf.DUMMYFUNCTION("""COMPUTED_VALUE"""),"000059919574") -> 000059919574 | W44: =IFERROR(__xludf.DUMMYFUNCTION("""COMPUTED_VALUE"""),"ink.arsenijs.2288aa@zarabota.nl") -> ink.arsenijs.2288aa@zarabota.nl | X44: =IFERROR(__xludf.DUMMYFUNCTION("""COMPUTED_VALUE"""),"ver.arsenijs.2288aa@zarabota.nl") -> ver.arsenijs.2288aa@zarabota.nl | Y44: =IFERROR(__xludf.DUMMYFUNCTION("""COMPUTED_VALUE"""),"Hr.") -> Hr. | Z44: =IFERROR(__xludf.DUMMYFUNCTION("""COMPUTED_VALUE"""),"Arsenijs") -> Arsenijs | AA44: =IFERROR(__xludf.DUMMYFUNCTION("""COMPUTED_VALUE"""),"Čistjakovs") -> Čistjakovs | AB44: =IFERROR(__xludf.DUMMYFUNCTION("""COMPUTED_VALUE"""),"A.") -> A. | AC44: =IFERROR(__xludf.DUMMYFUNCTION("""COMPUTED_VALUE"""),2.80095831E8) -> 280095831 | AD44: =IFERROR(__xludf.DUMMYFUNCTION("""COMPUTED_VALUE"""),36534.0) -> 36534 | AE44: =IFERROR(__xludf.DUMMYFUNCTION("""COMPUTED_VALUE"""),"bg") -> bg | AF44: =IFERROR(__xludf.DUMMYFUNCTION("""COMPUTED_VALUE"""),"Riga") -> Riga | AG44: =IFERROR(__xludf.DUMMYFUNCTION("""COMPUTED_VALUE"""),"Hr. A. Čistjakovs") -> Hr. A. Čistjakovs | AJ44: =IFERROR(__xludf.DUMMYFUNCTION("""COMPUTED_VALUE"""),"Paspoort") -> Paspoort | AK44: =IFERROR(__xludf.DUMMYFUNCTION("""COMPUTED_VALUE"""),"LV6343167") -> LV6343167 | AM44: =IFERROR(__xludf.DUMMYFUNCTION("""COMPUTED_VALUE"""),"Letland") -> Letland | AN44: =IFERROR(__xludf.DUMMYFUNCTION("""COMPUTED_VALUE"""),"Arsenijs Čistjakovs") -> Arsenijs Čistjakovs | AO44: =IFERROR(__xludf.DUMMYFUNCTION("""COMPUTED_VALUE"""),1730.0) -> 1730
A45: =IFERROR(__xludf.DUMMYFUNCTION("""COMPUTED_VALUE"""),"ASC Chilingira") -> ASC Chilingira | B45: =IFERROR(__xludf.DUMMYFUNCTION("""COMPUTED_VALUE"""),"ASC Chilingira") -> ASC Chilingira | C45: =IFERROR(__xludf.DUMMYFUNCTION("""COMPUTED_VALUE"""),446.0) -> 446 | D45: =IFERROR(__xludf.DUMMYFUNCTION("""COMPUTED_VALUE"""),"Asen Sergeev Chilingirov") -> Asen Sergeev Chilingirov | E45: =IFERROR(__xludf.DUMMYFUNCTION("""COMPUTED_VALUE"""),"SBI-code: 4120 - Algemene burgerlijke en utiliteitsbouw") -> SBI-code: 4120 - Algemene burgerlijke en utiliteitsbouw | F45: =IFERROR(__xludf.DUMMYFUNCTION("""COMPUTED_VALUE"""),"0640643464") -> 0640643464 | G45: =IFERROR(__xludf.DUMMYFUNCTION("""COMPUTED_VALUE"""),"chilingirovasen@gmail.com") -> chilingirovasen@gmail.com | H45: =IFERROR(__xludf.DUMMYFUNCTION("""COMPUTED_VALUE"""),"Goeverneurlaan 490") -> Goeverneurlaan 490 | I45: =IFERROR(__xludf.DUMMYFUNCTION("""COMPUTED_VALUE"""),"2523CL") -> 2523CL | J45: =IFERROR(__xludf.DUMMYFUNCTION("""COMPUTED_VALUE"""),"s-Gravenhage") -> s-Gravenhage | K45: =IFERROR(__xludf.DUMMYFUNCTION("""COMPUTED_VALUE"""),"Nederland") -> Nederland | L45: =IFERROR(__xludf.DUMMYFUNCTION("""COMPUTED_VALUE"""),"Чилингиров") -> Чилингиров | M45: =IFERROR(__xludf.DUMMYFUNCTION("""COMPUTED_VALUE"""),43175.0) -> 43175 | N45: =IFERROR(__xludf.DUMMYFUNCTION("""COMPUTED_VALUE"""),"NL425207869B01") -> NL425207869B01 | O45: =IFERROR(__xludf.DUMMYFUNCTION("""COMPUTED_VALUE"""),6.9806977E7) -> 69806977 | P45: =IFERROR(__xludf.DUMMYFUNCTION("""COMPUTED_VALUE"""),"NL81INGB0007924044") -> NL81INGB0007924044 | Q45: =IFERROR(__xludf.DUMMYFUNCTION("""COMPUTED_VALUE"""),43009.0) -> 43009 | S45: =IFERROR(__xludf.DUMMYFUNCTION("""COMPUTED_VALUE"""),"NL002482218B84") -> NL002482218B84 | T45: =IFERROR(__xludf.DUMMYFUNCTION("""COMPUTED_VALUE"""),4.25207869E8) -> 425207869 | U45: =IFERROR(__xludf.DUMMYFUNCTION("""COMPUTED_VALUE"""),"Eenmanszaak") -> Eenmanszaak | V45: =IFERROR(__xludf.DUMMYFUNCTION("""COMPUTED_VALUE"""),"000038132230") -> 000038132230 | W45: =IFERROR(__xludf.DUMMYFUNCTION("""COMPUTED_VALUE"""),"ink.ascchilingira.2288aa@zarabota.nl") -> ink.ascchilingira.2288aa@zarabota.nl | X45: =IFERROR(__xludf.DUMMYFUNCTION("""COMPUTED_VALUE"""),"ver.ascchilingira.2288aa@zarabota.nl") -> ver.ascchilingira.2288aa@zarabota.nl | Y45: =IFERROR(__xludf.DUMMYFUNCTION("""COMPUTED_VALUE"""),"Hr.") -> Hr. | Z45: =IFERROR(__xludf.DUMMYFUNCTION("""COMPUTED_VALUE"""),"Asen Sergeev") -> Asen Sergeev | AA45: =IFERROR(__xludf.DUMMYFUNCTION("""COMPUTED_VALUE"""),"Chilingirov") -> Chilingirov | AB45: =IFERROR(__xludf.DUMMYFUNCTION("""COMPUTED_VALUE"""),"A.S.") -> A.S. | AC45: =IFERROR(__xludf.DUMMYFUNCTION("""COMPUTED_VALUE"""),4.25207869E8) -> 425207869 | AD45: =IFERROR(__xludf.DUMMYFUNCTION("""COMPUTED_VALUE"""),29794.0) -> 29794 | AE45: =IFERROR(__xludf.DUMMYFUNCTION("""COMPUTED_VALUE"""),"bg") -> bg | AF45: =IFERROR(__xludf.DUMMYFUNCTION("""COMPUTED_VALUE"""),"Plovdiv") -> Plovdiv | AG45: =IFERROR(__xludf.DUMMYFUNCTION("""COMPUTED_VALUE"""),"Hr. A.S. Chilingirov") -> Hr. A.S. Chilingirov | AH45: =IFERROR(__xludf.DUMMYFUNCTION("""COMPUTED_VALUE"""),"NL05INGB0702948454") -> NL05INGB0702948454 | AI45: =IFERROR(__xludf.DUMMYFUNCTION("""COMPUTED_VALUE"""),42499.0) -> 42499 | AJ45: =IFERROR(__xludf.DUMMYFUNCTION("""COMPUTED_VALUE"""),"ID Kaart") -> ID Kaart | AK45: =IFERROR(__xludf.DUMMYFUNCTION("""COMPUTED_VALUE"""),6.43114922E8) -> 643114922 | AL45: =IFERROR(__xludf.DUMMYFUNCTION("""COMPUTED_VALUE"""),44509.0) -> 44509 | AN45: =IFERROR(__xludf.DUMMYFUNCTION("""COMPUTED_VALUE"""),"Asen Sergeev Chilingirov") -> Asen Sergeev Chilingirov
A46: =IFERROR(__xludf.DUMMYFUNCTION("""COMPUTED_VALUE"""),"Asen Bonev Bouw") -> Asen Bonev Bouw | B46: =IFERROR(__xludf.DUMMYFUNCTION("""COMPUTED_VALUE"""),"Asen Bonev Bouw") -> Asen Bonev Bouw | C46: =IFERROR(__xludf.DUMMYFUNCTION("""COMPUTED_VALUE"""),1162.0) -> 1162 | D46: =IFERROR(__xludf.DUMMYFUNCTION("""COMPUTED_VALUE"""),"Asen Demirev Bonev") -> Asen Demirev Bonev | E46: =IFERROR(__xludf.DUMMYFUNCTION("""COMPUTED_VALUE"""),"SBI-code: 4120 - Algemene burgerlijke en utiliteitsbouw") -> SBI-code: 4120 - Algemene burgerlijke en utiliteitsbouw | F46: =IFERROR(__xludf.DUMMYFUNCTION("""COMPUTED_VALUE"""),"0685770757") -> 0685770757 | G46: =IFERROR(__xludf.DUMMYFUNCTION("""COMPUTED_VALUE"""),"bonevasen8@gmail.com") -> bonevasen8@gmail.com | H46: =IFERROR(__xludf.DUMMYFUNCTION("""COMPUTED_VALUE"""),"Colensostraat 27") -> Colensostraat 27 | I46: =IFERROR(__xludf.DUMMYFUNCTION("""COMPUTED_VALUE"""),"2572NS") -> 2572NS | J46: =IFERROR(__xludf.DUMMYFUNCTION("""COMPUTED_VALUE"""),"s-Gravenhage") -> s-Gravenhage | K46: =IFERROR(__xludf.DUMMYFUNCTION("""COMPUTED_VALUE"""),"Nederland") -> Nederland | L46: =IFERROR(__xludf.DUMMYFUNCTION("""COMPUTED_VALUE"""),"Бонев") -> Бонев | M46: =IFERROR(__xludf.DUMMYFUNCTION("""COMPUTED_VALUE"""),44284.0) -> 44284 | N46: =IFERROR(__xludf.DUMMYFUNCTION("""COMPUTED_VALUE"""),"NL385210206B01") -> NL385210206B01 | O46: =IFERROR(__xludf.DUMMYFUNCTION("""COMPUTED_VALUE"""),8.2353247E7) -> 82353247 | P46: =IFERROR(__xludf.DUMMYFUNCTION("""COMPUTED_VALUE"""),"NL47INGB0006441914") -> NL47INGB0006441914 | Q46: =IFERROR(__xludf.DUMMYFUNCTION("""COMPUTED_VALUE"""),44284.0) -> 44284 | S46: =IFERROR(__xludf.DUMMYFUNCTION("""COMPUTED_VALUE"""),"NL003668306B45") -> NL003668306B45 | T46: =IFERROR(__xludf.DUMMYFUNCTION("""COMPUTED_VALUE"""),3.85210206E8) -> 385210206 | U46: =IFERROR(__xludf.DUMMYFUNCTION("""COMPUTED_VALUE"""),"Eenmanszaak") -> Eenmanszaak | V46: =IFERROR(__xludf.DUMMYFUNCTION("""COMPUTED_VALUE"""),"000048595004") -> 000048595004 | W46: =IFERROR(__xludf.DUMMYFUNCTION("""COMPUTED_VALUE"""),"ink.asenbonevbouw.2288aa@zarabota.nl") -> ink.asenbonevbouw.2288aa@zarabota.nl | X46: =IFERROR(__xludf.DUMMYFUNCTION("""COMPUTED_VALUE"""),"ver.asenbonevbouw.2288aa@zarabota.nl") -> ver.asenbonevbouw.2288aa@zarabota.nl | Y46: =IFERROR(__xludf.DUMMYFUNCTION("""COMPUTED_VALUE"""),"Hr.") -> Hr. | Z46: =IFERROR(__xludf.DUMMYFUNCTION("""COMPUTED_VALUE"""),"Asen Demirev") -> Asen Demirev | AA46: =IFERROR(__xludf.DUMMYFUNCTION("""COMPUTED_VALUE"""),"Bonev") -> Bonev | AB46: =IFERROR(__xludf.DUMMYFUNCTION("""COMPUTED_VALUE"""),"A.D.") -> A.D. | AC46: =IFERROR(__xludf.DUMMYFUNCTION("""COMPUTED_VALUE"""),3.85210206E8) -> 385210206 | AD46: =IFERROR(__xludf.DUMMYFUNCTION("""COMPUTED_VALUE"""),29400.0) -> 29400 | AE46: =IFERROR(__xludf.DUMMYFUNCTION("""COMPUTED_VALUE"""),"bg") -> bg | AF46: =IFERROR(__xludf.DUMMYFUNCTION("""COMPUTED_VALUE"""),"Dimitrovgrad") -> Dimitrovgrad | AG46: =IFERROR(__xludf.DUMMYFUNCTION("""COMPUTED_VALUE"""),"Hr. A.D. Bonev") -> Hr. A.D. Bonev | AH46: =IFERROR(__xludf.DUMMYFUNCTION("""COMPUTED_VALUE"""),"NL67INGB0419411585") -> NL67INGB0419411585 | AM46: =IFERROR(__xludf.DUMMYFUNCTION("""COMPUTED_VALUE"""),"Bulgarije") -> Bulgarije | AN46: =IFERROR(__xludf.DUMMYFUNCTION("""COMPUTED_VALUE"""),"Asen Demirev Bonev") -> Asen Demirev Bonev | AO46: =IFERROR(__xludf.DUMMYFUNCTION("""COMPUTED_VALUE"""),1162.0) -> 1162
A47: =IFERROR(__xludf.DUMMYFUNCTION("""COMPUTED_VALUE"""),"Asen DTV Bouw") -> Asen DTV Bouw | B47: =IFERROR(__xludf.DUMMYFUNCTION("""COMPUTED_VALUE"""),"Asen DTV Bouw") -> Asen DTV Bouw | C47: =IFERROR(__xludf.DUMMYFUNCTION("""COMPUTED_VALUE"""),1019.0) -> 1019 | D47: =IFERROR(__xludf.DUMMYFUNCTION("""COMPUTED_VALUE"""),"Asen Dimitrov Asenov") -> Asen Dimitrov Asenov | E47: =IFERROR(__xludf.DUMMYFUNCTION("""COMPUTED_VALUE"""),"SBI-code: 4120 - Algemene burgerlijke en utiliteitsbouw") -> SBI-code: 4120 - Algemene burgerlijke en utiliteitsbouw | F47: =IFERROR(__xludf.DUMMYFUNCTION("""COMPUTED_VALUE"""),"0687600195") -> 0687600195 | G47: =IFERROR(__xludf.DUMMYFUNCTION("""COMPUTED_VALUE"""),"mileldenis123@gmail.com") -> mileldenis123@gmail.com | H47: =IFERROR(__xludf.DUMMYFUNCTION("""COMPUTED_VALUE"""),"Helmersstraat 73B") -> Helmersstraat 73B | I47: =IFERROR(__xludf.DUMMYFUNCTION("""COMPUTED_VALUE"""),"2513RW") -> 2513RW | J47: =IFERROR(__xludf.DUMMYFUNCTION("""COMPUTED_VALUE"""),"s-Gravenhage") -> s-Gravenhage | K47: =IFERROR(__xludf.DUMMYFUNCTION("""COMPUTED_VALUE"""),"Nederland") -> Nederland | L47: =IFERROR(__xludf.DUMMYFUNCTION("""COMPUTED_VALUE"""),"Асенов") -> Асенов | M47: =IFERROR(__xludf.DUMMYFUNCTION("""COMPUTED_VALUE"""),44029.0) -> 44029 | N47: =IFERROR(__xludf.DUMMYFUNCTION("""COMPUTED_VALUE"""),"NL474167756B01") -> NL474167756B01 | O47: =IFERROR(__xludf.DUMMYFUNCTION("""COMPUTED_VALUE"""),7.8606896E7) -> 78606896 | P47: =IFERROR(__xludf.DUMMYFUNCTION("""COMPUTED_VALUE"""),"NL87INGB0006744707") -> NL87INGB0006744707 | Q47: =IFERROR(__xludf.DUMMYFUNCTION("""COMPUTED_VALUE"""),44029.0) -> 44029 | S47: =IFERROR(__xludf.DUMMYFUNCTION("""COMPUTED_VALUE"""),"NL003351589B56") -> NL003351589B56 | T47: =IFERROR(__xludf.DUMMYFUNCTION("""COMPUTED_VALUE"""),4.74167756E8) -> 474167756 | U47: =IFERROR(__xludf.DUMMYFUNCTION("""COMPUTED_VALUE"""),"Eenmanszaak") -> Eenmanszaak | V47: =IFERROR(__xludf.DUMMYFUNCTION("""COMPUTED_VALUE"""),"000046220232") -> 000046220232 | W47: =IFERROR(__xludf.DUMMYFUNCTION("""COMPUTED_VALUE"""),"ink.asendtv.2288aa@zarabota.nl") -> ink.asendtv.2288aa@zarabota.nl | X47: =IFERROR(__xludf.DUMMYFUNCTION("""COMPUTED_VALUE"""),"ver.asendtv.2288aa@zarabota.nl") -> ver.asendtv.2288aa@zarabota.nl | Y47: =IFERROR(__xludf.DUMMYFUNCTION("""COMPUTED_VALUE"""),"Hr.") -> Hr. | Z47: =IFERROR(__xludf.DUMMYFUNCTION("""COMPUTED_VALUE"""),"Asen Dimitrov") -> Asen Dimitrov | AA47: =IFERROR(__xludf.DUMMYFUNCTION("""COMPUTED_VALUE"""),"Asenov") -> Asenov | AB47: =IFERROR(__xludf.DUMMYFUNCTION("""COMPUTED_VALUE"""),"A.D.") -> A.D. | AC47: =IFERROR(__xludf.DUMMYFUNCTION("""COMPUTED_VALUE"""),4.74167756E8) -> 474167756 | AD47: =IFERROR(__xludf.DUMMYFUNCTION("""COMPUTED_VALUE"""),32485.0) -> 32485 | AE47: =IFERROR(__xludf.DUMMYFUNCTION("""COMPUTED_VALUE"""),"bg") -> bg | AF47: =IFERROR(__xludf.DUMMYFUNCTION("""COMPUTED_VALUE"""),"Haskovo") -> Haskovo | AG47: =IFERROR(__xludf.DUMMYFUNCTION("""COMPUTED_VALUE"""),"Hr. A.D. Asenov") -> Hr. A.D. Asenov | AH47: =IFERROR(__xludf.DUMMYFUNCTION("""COMPUTED_VALUE"""),"NL90INGB0798167750") -> NL90INGB0798167750 | AJ47: =IFERROR(__xludf.DUMMYFUNCTION("""COMPUTED_VALUE"""),"ID Kaart") -> ID Kaart | AK47: =IFERROR(__xludf.DUMMYFUNCTION("""COMPUTED_VALUE"""),6.43263691E8) -> 643263691 | AL47: =IFERROR(__xludf.DUMMYFUNCTION("""COMPUTED_VALUE"""),44514.0) -> 44514 | AM47: =IFERROR(__xludf.DUMMYFUNCTION("""COMPUTED_VALUE"""),"Bulgarije") -> Bulgarije | AN47: =IFERROR(__xludf.DUMMYFUNCTION("""COMPUTED_VALUE"""),"Asen Dimitrov Asenov") -> Asen Dimitrov Asenov
A48: =IFERROR(__xludf.DUMMYFUNCTION("""COMPUTED_VALUE"""),"Asko 06 & Nili V.O.F.") -> Asko 06 & Nili V.O.F. | B48: =IFERROR(__xludf.DUMMYFUNCTION("""COMPUTED_VALUE"""),"Asko 06 & Nili V.O.F.") -> Asko 06 & Nili V.O.F. | C48: =IFERROR(__xludf.DUMMYFUNCTION("""COMPUTED_VALUE"""),540.0) -> 540 | D48: =IFERROR(__xludf.DUMMYFUNCTION("""COMPUTED_VALUE"""),"Hyusein Hasan Yashar") -> Hyusein Hasan Yashar | E48: =IFERROR(__xludf.DUMMYFUNCTION("""COMPUTED_VALUE"""),"SBI-code: 4120 - Algemene burgerlijke en utiliteitsbouw") -> SBI-code: 4120 - Algemene burgerlijke en utiliteitsbouw | F48: =IFERROR(__xludf.DUMMYFUNCTION("""COMPUTED_VALUE"""),"0683278856") -> 0683278856 | G48: =IFERROR(__xludf.DUMMYFUNCTION("""COMPUTED_VALUE"""),"asko0605@hotmail.com") -> asko0605@hotmail.com | H48: =IFERROR(__xludf.DUMMYFUNCTION("""COMPUTED_VALUE"""),"Rodenbachstraat 70") -> Rodenbachstraat 70 | I48: =IFERROR(__xludf.DUMMYFUNCTION("""COMPUTED_VALUE"""),"2523JM") -> 2523JM | J48: =IFERROR(__xludf.DUMMYFUNCTION("""COMPUTED_VALUE"""),"s-Gravenhage") -> s-Gravenhage | K48: =IFERROR(__xludf.DUMMYFUNCTION("""COMPUTED_VALUE"""),"Nederland") -> Nederland | L48: =IFERROR(__xludf.DUMMYFUNCTION("""COMPUTED_VALUE"""),"Яшар") -> Яшар | M48: =IFERROR(__xludf.DUMMYFUNCTION("""COMPUTED_VALUE"""),43175.0) -> 43175 | N48: =IFERROR(__xludf.DUMMYFUNCTION("""COMPUTED_VALUE"""),"NL858569139B01") -> NL858569139B01 | O48: =IFERROR(__xludf.DUMMYFUNCTION("""COMPUTED_VALUE"""),7.1073949E7) -> 71073949 | P48: =IFERROR(__xludf.DUMMYFUNCTION("""COMPUTED_VALUE"""),"NL51INGB0004929515") -> NL51INGB0004929515 | Q48: =IFERROR(__xludf.DUMMYFUNCTION("""COMPUTED_VALUE"""),43101.0) -> 43101 | S48: =IFERROR(__xludf.DUMMYFUNCTION("""COMPUTED_VALUE"""),"NL858569139B01") -> NL858569139B01 | T48: =IFERROR(__xludf.DUMMYFUNCTION("""COMPUTED_VALUE"""),8.58569139E8) -> 858569139 | U48: =IFERROR(__xludf.DUMMYFUNCTION("""COMPUTED_VALUE"""),"Eenmanszaak") -> Eenmanszaak | V48: =IFERROR(__xludf.DUMMYFUNCTION("""COMPUTED_VALUE"""),"000024786527") -> 000024786527 | W48: =IFERROR(__xludf.DUMMYFUNCTION("""COMPUTED_VALUE"""),"ink.asko06ennilivof.2288aa@zarabota.nl") -> ink.asko06ennilivof.2288aa@zarabota.nl | X48: =IFERROR(__xludf.DUMMYFUNCTION("""COMPUTED_VALUE"""),"ver.asko06ennilivof.2288aa@zarabota.nl") -> ver.asko06ennilivof.2288aa@zarabota.nl | Y48: =IFERROR(__xludf.DUMMYFUNCTION("""COMPUTED_VALUE"""),"Hr.") -> Hr. | Z48: =IFERROR(__xludf.DUMMYFUNCTION("""COMPUTED_VALUE"""),"Hyusein Hasan") -> Hyusein Hasan | AA48: =IFERROR(__xludf.DUMMYFUNCTION("""COMPUTED_VALUE"""),"Yashar") -> Yashar | AB48: =IFERROR(__xludf.DUMMYFUNCTION("""COMPUTED_VALUE"""),"H.H.") -> H.H. | AC48: =IFERROR(__xludf.DUMMYFUNCTION("""COMPUTED_VALUE"""),6.29940757E8) -> 629940757 | AD48: =IFERROR(__xludf.DUMMYFUNCTION("""COMPUTED_VALUE"""),27035.0) -> 27035 | AE48: =IFERROR(__xludf.DUMMYFUNCTION("""COMPUTED_VALUE"""),"bg") -> bg | AF48: =IFERROR(__xludf.DUMMYFUNCTION("""COMPUTED_VALUE"""),"Kubrat") -> Kubrat | AG48: =IFERROR(__xludf.DUMMYFUNCTION("""COMPUTED_VALUE"""),"Hr. H.H. Yashar") -> Hr. H.H. Yashar | AN48: =IFERROR(__xludf.DUMMYFUNCTION("""COMPUTED_VALUE"""),"Hyusein Hasan Yashar") -> Hyusein Hasan Yashar
A49: =IFERROR(__xludf.DUMMYFUNCTION("""COMPUTED_VALUE"""),"Asya Asenova") -> Asya Asenova | B49: =IFERROR(__xludf.DUMMYFUNCTION("""COMPUTED_VALUE"""),"Asya Asenova") -> Asya Asenova | C49: =IFERROR(__xludf.DUMMYFUNCTION("""COMPUTED_VALUE"""),1573.0) -> 1573 | D49: =IFERROR(__xludf.DUMMYFUNCTION("""COMPUTED_VALUE"""),"Asya Hristova Asenova") -> Asya Hristova Asenova | E49: =IFERROR(__xludf.DUMMYFUNCTION("""COMPUTED_VALUE"""),"SBI-code: 4120 - Algemene burgerlijke en utiliteitsbouw") -> SBI-code: 4120 - Algemene burgerlijke en utiliteitsbouw | F49: =IFERROR(__xludf.DUMMYFUNCTION("""COMPUTED_VALUE"""),"+359877177810") -> +359877177810 | G49: =IFERROR(__xludf.DUMMYFUNCTION("""COMPUTED_VALUE"""),"asenovaasa566@gmail.com") -> asenovaasa566@gmail.com | H49: =IFERROR(__xludf.DUMMYFUNCTION("""COMPUTED_VALUE"""),"Beeklaan 215") -> Beeklaan 215 | I49: =IFERROR(__xludf.DUMMYFUNCTION("""COMPUTED_VALUE"""),"2562AE") -> 2562AE | J49: =IFERROR(__xludf.DUMMYFUNCTION("""COMPUTED_VALUE"""),"s-Gravenhage") -> s-Gravenhage | K49: =IFERROR(__xludf.DUMMYFUNCTION("""COMPUTED_VALUE"""),"Nederland") -> Nederland | L49: =IFERROR(__xludf.DUMMYFUNCTION("""COMPUTED_VALUE"""),"Асенова") -> Асенова | M49: =IFERROR(__xludf.DUMMYFUNCTION("""COMPUTED_VALUE"""),45299.0) -> 45299 | N49: =IFERROR(__xludf.DUMMYFUNCTION("""COMPUTED_VALUE"""),"NL691702512B01") -> NL691702512B01 | O49: =IFERROR(__xludf.DUMMYFUNCTION("""COMPUTED_VALUE"""),9.2556957E7) -> 92556957 | P49: =IFERROR(__xludf.DUMMYFUNCTION("""COMPUTED_VALUE"""),"NL08INGB0104675098") -> NL08INGB0104675098 | Q49: =IFERROR(__xludf.DUMMYFUNCTION("""COMPUTED_VALUE"""),45299.0) -> 45299 | S49: =IFERROR(__xludf.DUMMYFUNCTION("""COMPUTED_VALUE"""),"NL004960785B71") -> NL004960785B71 | T49: =IFERROR(__xludf.DUMMYFUNCTION("""COMPUTED_VALUE"""),6.91702512E8) -> 691702512 | U49: =IFERROR(__xludf.DUMMYFUNCTION("""COMPUTED_VALUE"""),"Eenmanszaak") -> Eenmanszaak | V49: =IFERROR(__xludf.DUMMYFUNCTION("""COMPUTED_VALUE"""),"000058152946") -> 000058152946 | W49: =IFERROR(__xludf.DUMMYFUNCTION("""COMPUTED_VALUE"""),"ink.asyaasenova.2288aa@zarabota.nl") -> ink.asyaasenova.2288aa@zarabota.nl | X49: =IFERROR(__xludf.DUMMYFUNCTION("""COMPUTED_VALUE"""),"ver.asyaasenova.2288aa@zarabota.nl") -> ver.asyaasenova.2288aa@zarabota.nl | Y49: =IFERROR(__xludf.DUMMYFUNCTION("""COMPUTED_VALUE"""),"Hr.") -> Hr. | Z49: =IFERROR(__xludf.DUMMYFUNCTION("""COMPUTED_VALUE"""),"Asya Hristova") -> Asya Hristova | AA49: =IFERROR(__xludf.DUMMYFUNCTION("""COMPUTED_VALUE"""),"Asenova") -> Asenova | AB49: =IFERROR(__xludf.DUMMYFUNCTION("""COMPUTED_VALUE"""),"A.H.") -> A.H. | AC49: =IFERROR(__xludf.DUMMYFUNCTION("""COMPUTED_VALUE"""),6.91702512E8) -> 691702512 | AD49: =IFERROR(__xludf.DUMMYFUNCTION("""COMPUTED_VALUE"""),37263.0) -> 37263 | AE49: =IFERROR(__xludf.DUMMYFUNCTION("""COMPUTED_VALUE"""),"bg") -> bg | AF49: =IFERROR(__xludf.DUMMYFUNCTION("""COMPUTED_VALUE"""),"Dimitrovgrad") -> Dimitrovgrad | AG49: =IFERROR(__xludf.DUMMYFUNCTION("""COMPUTED_VALUE"""),"Hr. A.H. Asenova") -> Hr. A.H. Asenova | AH49: =IFERROR(__xludf.DUMMYFUNCTION("""COMPUTED_VALUE"""),"NL64INGB0630963207") -> NL64INGB0630963207 | AJ49: =IFERROR(__xludf.DUMMYFUNCTION("""COMPUTED_VALUE"""),"ID Kaart") -> ID Kaart | AK49: =IFERROR(__xludf.DUMMYFUNCTION("""COMPUTED_VALUE"""),6.4872278E8) -> 648722780 | AL49: =IFERROR(__xludf.DUMMYFUNCTION("""COMPUTED_VALUE"""),47505.0) -> 47505 | AM49: =IFERROR(__xludf.DUMMYFUNCTION("""COMPUTED_VALUE"""),"Bulgarije") -> Bulgarije | AN49: =IFERROR(__xludf.DUMMYFUNCTION("""COMPUTED_VALUE"""),"Asya Hristova Asenova") -> Asya Hristova Asenova
A50: =IFERROR(__xludf.DUMMYFUNCTION("""COMPUTED_VALUE"""),"Atka") -> Atka | B50: =IFERROR(__xludf.DUMMYFUNCTION("""COMPUTED_VALUE"""),"Atka") -> Atka | C50: =IFERROR(__xludf.DUMMYFUNCTION("""COMPUTED_VALUE"""),1001.0) -> 1001 | D50: =IFERROR(__xludf.DUMMYFUNCTION("""COMPUTED_VALUE"""),"Adil Ahmed Sadula") -> Adil Ahmed Sadula | E50: =IFERROR(__xludf.DUMMYFUNCTION("""COMPUTED_VALUE"""),"SBI-code: 4120 - Algemene burgerlijke en utiliteitsbouw") -> SBI-code: 4120 - Algemene burgerlijke en utiliteitsbouw | F50: =IFERROR(__xludf.DUMMYFUNCTION("""COMPUTED_VALUE"""),"0683871250") -> 0683871250 | G50: =IFERROR(__xludf.DUMMYFUNCTION("""COMPUTED_VALUE"""),"atka07@hotmail.com") -> atka07@hotmail.com | H50: =IFERROR(__xludf.DUMMYFUNCTION("""COMPUTED_VALUE"""),"Paets van Troostwijkstr 53") -> Paets van Troostwijkstr 53 | I50: =IFERROR(__xludf.DUMMYFUNCTION("""COMPUTED_VALUE"""),"2522DL") -> 2522DL | J50: =IFERROR(__xludf.DUMMYFUNCTION("""COMPUTED_VALUE"""),"s-Gravenhage") -> s-Gravenhage | K50: =IFERROR(__xludf.DUMMYFUNCTION("""COMPUTED_VALUE"""),"Nederland") -> Nederland | L50: =IFERROR(__xludf.DUMMYFUNCTION("""COMPUTED_VALUE"""),"Садула") -> Садула | M50: =IFERROR(__xludf.DUMMYFUNCTION("""COMPUTED_VALUE"""),43831.0) -> 43831 | N50: =IFERROR(__xludf.DUMMYFUNCTION("""COMPUTED_VALUE"""),"NL660264705B01") -> NL660264705B01 | O50: =IFERROR(__xludf.DUMMYFUNCTION("""COMPUTED_VALUE"""),5.2955397E7) -> 52955397 | P50: =IFERROR(__xludf.DUMMYFUNCTION("""COMPUTED_VALUE"""),"NL50INGB0006064530") -> NL50INGB0006064530 | Q50: =IFERROR(__xludf.DUMMYFUNCTION("""COMPUTED_VALUE"""),40711.0) -> 40711 | S50: =IFERROR(__xludf.DUMMYFUNCTION("""COMPUTED_VALUE"""),"NL660264705B01") -> NL660264705B01 | T50: =IFERROR(__xludf.DUMMYFUNCTION("""COMPUTED_VALUE"""),6.60264705E8) -> 660264705 | U50: =IFERROR(__xludf.DUMMYFUNCTION("""COMPUTED_VALUE"""),"Eenmanszaak") -> Eenmanszaak | V50: =IFERROR(__xludf.DUMMYFUNCTION("""COMPUTED_VALUE"""),"000022847308") -> 000022847308 | W50: =IFERROR(__xludf.DUMMYFUNCTION("""COMPUTED_VALUE"""),"ink.atka.2288aa@zarabota.nl") -> ink.atka.2288aa@zarabota.nl | X50: =IFERROR(__xludf.DUMMYFUNCTION("""COMPUTED_VALUE"""),"ver.atka.2288aa@zarabota.nl") -> ver.atka.2288aa@zarabota.nl | Y50: =IFERROR(__xludf.DUMMYFUNCTION("""COMPUTED_VALUE"""),"Hr.") -> Hr. | Z50: =IFERROR(__xludf.DUMMYFUNCTION("""COMPUTED_VALUE"""),"Adil Ahmed") -> Adil Ahmed | AA50: =IFERROR(__xludf.DUMMYFUNCTION("""COMPUTED_VALUE"""),"Sadula") -> Sadula | AB50: =IFERROR(__xludf.DUMMYFUNCTION("""COMPUTED_VALUE"""),"A.A.") -> A.A. | AC50: =IFERROR(__xludf.DUMMYFUNCTION("""COMPUTED_VALUE"""),6.60264705E8) -> 660264705 | AD50: =IFERROR(__xludf.DUMMYFUNCTION("""COMPUTED_VALUE"""),27644.0) -> 27644 | AE50: =IFERROR(__xludf.DUMMYFUNCTION("""COMPUTED_VALUE"""),"bg") -> bg | AF50: =IFERROR(__xludf.DUMMYFUNCTION("""COMPUTED_VALUE"""),"Haskovo") -> Haskovo | AG50: =IFERROR(__xludf.DUMMYFUNCTION("""COMPUTED_VALUE"""),"Hr. A.A. Sadula") -> Hr. A.A. Sadula | AJ50: =IFERROR(__xludf.DUMMYFUNCTION("""COMPUTED_VALUE"""),"ID Kaart") -> ID Kaart | AM50: =IFERROR(__xludf.DUMMYFUNCTION("""COMPUTED_VALUE"""),"Bulgarije") -> Bulgarije | AN50: =IFERROR(__xludf.DUMMYFUNCTION("""COMPUTED_VALUE"""),"Adil Ahmed Sadula") -> Adil Ahmed Sadula
A51: =IFERROR(__xludf.DUMMYFUNCTION("""COMPUTED_VALUE"""),"AVRO Consult OOD") -> AVRO Consult OOD | B51: =IFERROR(__xludf.DUMMYFUNCTION("""COMPUTED_VALUE"""),"АВРО Консулт ООД") -> АВРО Консулт ООД | C51: =IFERROR(__xludf.DUMMYFUNCTION("""COMPUTED_VALUE"""),1608.0) -> 1608 | D51: =IFERROR(__xludf.DUMMYFUNCTION("""COMPUTED_VALUE"""),"Христина Атанасова Тянкова") -> Христина Атанасова Тянкова | E51: =IFERROR(__xludf.DUMMYFUNCTION("""COMPUTED_VALUE"""),"SBI-code: 4120 - Algemene burgerlijke en utiliteitsbouw") -> SBI-code: 4120 - Algemene burgerlijke en utiliteitsbouw | F51: =IFERROR(__xludf.DUMMYFUNCTION("""COMPUTED_VALUE"""),"+31611584401") -> +31611584401 | G51: =IFERROR(__xludf.DUMMYFUNCTION("""COMPUTED_VALUE"""),"avroconsult69@gmail.com") -> avroconsult69@gmail.com | H51: =IFERROR(__xludf.DUMMYFUNCTION("""COMPUTED_VALUE"""),"Akademik Nikolay Haytov 3В et. 4 app.1") -> Akademik Nikolay Haytov 3В et. 4 app.1 | I51: =IFERROR(__xludf.DUMMYFUNCTION("""COMPUTED_VALUE"""),4230.0) -> 4230 | J51: =IFERROR(__xludf.DUMMYFUNCTION("""COMPUTED_VALUE"""),"Asenovgrad") -> Asenovgrad | K51: =IFERROR(__xludf.DUMMYFUNCTION("""COMPUTED_VALUE"""),"Bulgarije") -> Bulgarije | L51: =IFERROR(__xludf.DUMMYFUNCTION("""COMPUTED_VALUE"""),"Тянкова") -> Тянкова | M51: =IFERROR(__xludf.DUMMYFUNCTION("""COMPUTED_VALUE"""),45392.0) -> 45392 | N51: =IFERROR(__xludf.DUMMYFUNCTION("""COMPUTED_VALUE"""),"BG208463792") -> BG208463792 | O51: =IFERROR(__xludf.DUMMYFUNCTION("""COMPUTED_VALUE"""),2.08463792E8) -> 208463792 | P51: =IFERROR(__xludf.DUMMYFUNCTION("""COMPUTED_VALUE"""),"BG16FINV91501017886701") -> BG16FINV91501017886701 | S51: =IFERROR(__xludf.DUMMYFUNCTION("""COMPUTED_VALUE"""),"BG208463792") -> BG208463792 | U51: =IFERROR(__xludf.DUMMYFUNCTION("""COMPUTED_VALUE"""),"Eenmanszaak") -> Eenmanszaak | W51: =IFERROR(__xludf.DUMMYFUNCTION("""COMPUTED_VALUE"""),"ink.avroconsult.2288aa@zarabota.nl") -> ink.avroconsult.2288aa@zarabota.nl | X51: =IFERROR(__xludf.DUMMYFUNCTION("""COMPUTED_VALUE"""),"ver.avroconsult.2288aa@zarabota.nl") -> ver.avroconsult.2288aa@zarabota.nl | Y51: =IFERROR(__xludf.DUMMYFUNCTION("""COMPUTED_VALUE"""),"Mw.") -> Mw. | Z51: =IFERROR(__xludf.DUMMYFUNCTION("""COMPUTED_VALUE"""),"Hristina Atanasova") -> Hristina Atanasova | AA51: =IFERROR(__xludf.DUMMYFUNCTION("""COMPUTED_VALUE"""),"Tyankova") -> Tyankova | AB51: =IFERROR(__xludf.DUMMYFUNCTION("""COMPUTED_VALUE"""),"H.A.") -> H.A. | AC51: =IFERROR(__xludf.DUMMYFUNCTION("""COMPUTED_VALUE"""),2.55501377E8) -> 255501377 | AD51: =IFERROR(__xludf.DUMMYFUNCTION("""COMPUTED_VALUE"""),25518.0) -> 25518 | AE51: =IFERROR(__xludf.DUMMYFUNCTION("""COMPUTED_VALUE"""),"bg") -> bg | AF51: =IFERROR(__xludf.DUMMYFUNCTION("""COMPUTED_VALUE"""),"Asenovgrad") -> Asenovgrad | AG51: =IFERROR(__xludf.DUMMYFUNCTION("""COMPUTED_VALUE"""),"Mw. H.A. Tyankova") -> Mw. H.A. Tyankova | AM51: =IFERROR(__xludf.DUMMYFUNCTION("""COMPUTED_VALUE"""),"Bulgarije") -> Bulgarije | AN51: =IFERROR(__xludf.DUMMYFUNCTION("""COMPUTED_VALUE"""),"Hristina Atanasova Tyankova") -> Hristina Atanasova Tyankova | AO51: =IFERROR(__xludf.DUMMYFUNCTION("""COMPUTED_VALUE"""),1608.0) -> 1608
A52: =IFERROR(__xludf.DUMMYFUNCTION("""COMPUTED_VALUE"""),"AVV Hoofd B.V.") -> AVV Hoofd B.V. | B52: =IFERROR(__xludf.DUMMYFUNCTION("""COMPUTED_VALUE"""),"AVV Hoofd B.V.") -> AVV Hoofd B.V. | C52: =IFERROR(__xludf.DUMMYFUNCTION("""COMPUTED_VALUE"""),1749.0) -> 1749 | D52: =IFERROR(__xludf.DUMMYFUNCTION("""COMPUTED_VALUE"""),"Anatoliy Viktorovich Volyanyuk") -> Anatoliy Viktorovich Volyanyuk | E52: =IFERROR(__xludf.DUMMYFUNCTION("""COMPUTED_VALUE"""),"SBI-code: 4120 - Algemene burgerlijke en utiliteitsbouw") -> SBI-code: 4120 - Algemene burgerlijke en utiliteitsbouw | F52: =IFERROR(__xludf.DUMMYFUNCTION("""COMPUTED_VALUE"""),"+31612374803") -> +31612374803 | H52: =IFERROR(__xludf.DUMMYFUNCTION("""COMPUTED_VALUE"""),"B. Thoenplantsoen 26") -> B. Thoenplantsoen 26 | I52: =IFERROR(__xludf.DUMMYFUNCTION("""COMPUTED_VALUE"""),"2552JK") -> 2552JK | J52: =IFERROR(__xludf.DUMMYFUNCTION("""COMPUTED_VALUE"""),"s-Gravenhage") -> s-Gravenhage | K52: =IFERROR(__xludf.DUMMYFUNCTION("""COMPUTED_VALUE"""),"Nederland") -> Nederland | L52: =IFERROR(__xludf.DUMMYFUNCTION("""COMPUTED_VALUE"""),"Волянук") -> Волянук | M52: =IFERROR(__xludf.DUMMYFUNCTION("""COMPUTED_VALUE"""),45966.0) -> 45966 | N52: =IFERROR(__xludf.DUMMYFUNCTION("""COMPUTED_VALUE"""),"NL868637208B01") -> NL868637208B01 | O52: =IFERROR(__xludf.DUMMYFUNCTION("""COMPUTED_VALUE"""),9.8773739E7) -> 98773739 | P52: =IFERROR(__xludf.DUMMYFUNCTION("""COMPUTED_VALUE"""),"NL22INGB0117492620") -> NL22INGB0117492620 | Q52: =IFERROR(__xludf.DUMMYFUNCTION("""COMPUTED_VALUE"""),45966.0) -> 45966 | S52: =IFERROR(__xludf.DUMMYFUNCTION("""COMPUTED_VALUE"""),"NL868637208B01") -> NL868637208B01 | T52: =IFERROR(__xludf.DUMMYFUNCTION("""COMPUTED_VALUE"""),8.68637208E8) -> 868637208 | U52: =IFERROR(__xludf.DUMMYFUNCTION("""COMPUTED_VALUE"""),"Besloten Vennootschap") -> Besloten Vennootschap | W52: =IFERROR(__xludf.DUMMYFUNCTION("""COMPUTED_VALUE"""),"ink.avvhoofd.2288aa@zarabota.nl") -> ink.avvhoofd.2288aa@zarabota.nl | X52: =IFERROR(__xludf.DUMMYFUNCTION("""COMPUTED_VALUE"""),"ver.avvhoofd.2288aa@zarabota.nl") -> ver.avvhoofd.2288aa@zarabota.nl | Y52: =IFERROR(__xludf.DUMMYFUNCTION("""COMPUTED_VALUE"""),"Hr.") -> Hr. | Z52: =IFERROR(__xludf.DUMMYFUNCTION("""COMPUTED_VALUE"""),"Anatoliy Viktorovich") -> Anatoliy Viktorovich | AA52: =IFERROR(__xludf.DUMMYFUNCTION("""COMPUTED_VALUE"""),"Volyanyuk") -> Volyanyuk | AB52: =IFERROR(__xludf.DUMMYFUNCTION("""COMPUTED_VALUE"""),"A.V.") -> A.V. | AC52: =IFERROR(__xludf.DUMMYFUNCTION("""COMPUTED_VALUE"""),5.65284769E8) -> 565284769 | AD52: =IFERROR(__xludf.DUMMYFUNCTION("""COMPUTED_VALUE"""),29473.0) -> 29473 | AE52: =IFERROR(__xludf.DUMMYFUNCTION("""COMPUTED_VALUE"""),"bg") -> bg | AF52: =IFERROR(__xludf.DUMMYFUNCTION("""COMPUTED_VALUE"""),"Zalozhtsi") -> Zalozhtsi | AG52: =IFERROR(__xludf.DUMMYFUNCTION("""COMPUTED_VALUE"""),"Hr. A.V. Volyanyuk") -> Hr. A.V. Volyanyuk | AN52: =IFERROR(__xludf.DUMMYFUNCTION("""COMPUTED_VALUE"""),"Anatoliy Viktorovich Volyanyuk") -> Anatoliy Viktorovich Volyanyuk | AO52: =IFERROR(__xludf.DUMMYFUNCTION("""COMPUTED_VALUE"""),1749.0) -> 1749
A53: =IFERROR(__xludf.DUMMYFUNCTION("""COMPUTED_VALUE"""),"Axentis") -> Axentis | B53: =IFERROR(__xludf.DUMMYFUNCTION("""COMPUTED_VALUE"""),"Axentis") -> Axentis | C53: =IFERROR(__xludf.DUMMYFUNCTION("""COMPUTED_VALUE"""),901.0) -> 901 | D53: =IFERROR(__xludf.DUMMYFUNCTION("""COMPUTED_VALUE"""),"Evgeny Rangelov-Eigen") -> Evgeny Rangelov-Eigen | E53: =IFERROR(__xludf.DUMMYFUNCTION("""COMPUTED_VALUE"""),"SBI-code: 4120 - Algemene burgerlijke en utiliteitsbouw") -> SBI-code: 4120 - Algemene burgerlijke en utiliteitsbouw | F53: =IFERROR(__xludf.DUMMYFUNCTION("""COMPUTED_VALUE"""),"0707505651") -> 0707505651 | G53: =IFERROR(__xludf.DUMMYFUNCTION("""COMPUTED_VALUE"""),"rangelov.e@gmail.com") -> rangelov.e@gmail.com | H53: =IFERROR(__xludf.DUMMYFUNCTION("""COMPUTED_VALUE"""),"Steenplaetsstraat 6") -> Steenplaetsstraat 6 | I53: =IFERROR(__xludf.DUMMYFUNCTION("""COMPUTED_VALUE"""),"2288AA") -> 2288AA | J53: =IFERROR(__xludf.DUMMYFUNCTION("""COMPUTED_VALUE"""),"s-Gravenhage") -> s-Gravenhage | K53: =IFERROR(__xludf.DUMMYFUNCTION("""COMPUTED_VALUE"""),"Nederland") -> Nederland | L53: =IFERROR(__xludf.DUMMYFUNCTION("""COMPUTED_VALUE"""),"Рангелов") -> Рангелов | M53: =IFERROR(__xludf.DUMMYFUNCTION("""COMPUTED_VALUE"""),42613.0) -> 42613 | N53: =IFERROR(__xludf.DUMMYFUNCTION("""COMPUTED_VALUE"""),"NL126248175B01") -> NL126248175B01 | O53: =IFERROR(__xludf.DUMMYFUNCTION("""COMPUTED_VALUE"""),5.5962734E7) -> 55962734 | P53: =IFERROR(__xludf.DUMMYFUNCTION("""COMPUTED_VALUE"""),"NL98INGB0007299155") -> NL98INGB0007299155 | Q53: =IFERROR(__xludf.DUMMYFUNCTION("""COMPUTED_VALUE"""),40977.0) -> 40977 | R53: =IFERROR(__xludf.DUMMYFUNCTION("""COMPUTED_VALUE"""),43830.0) -> 43830 | S53: =IFERROR(__xludf.DUMMYFUNCTION("""COMPUTED_VALUE"""),"NL001565172B59") -> NL001565172B59 | T53: =IFERROR(__xludf.DUMMYFUNCTION("""COMPUTED_VALUE"""),1.26248175E8) -> 126248175 | U53: =IFERROR(__xludf.DUMMYFUNCTION("""COMPUTED_VALUE"""),"Eenmanszaak") -> Eenmanszaak | V53: =IFERROR(__xludf.DUMMYFUNCTION("""COMPUTED_VALUE"""),"000025564684") -> 000025564684 | W53: =IFERROR(__xludf.DUMMYFUNCTION("""COMPUTED_VALUE"""),"ink.axentisadministraties.2288aa@zarabota.nl") -> ink.axentisadministraties.2288aa@zarabota.nl | X53: =IFERROR(__xludf.DUMMYFUNCTION("""COMPUTED_VALUE"""),"ver.axentisadministraties.2288aa@zarabota.nl") -> ver.axentisadministraties.2288aa@zarabota.nl | Y53: =IFERROR(__xludf.DUMMYFUNCTION("""COMPUTED_VALUE"""),"Hr.") -> Hr. | Z53: =IFERROR(__xludf.DUMMYFUNCTION("""COMPUTED_VALUE"""),"Evgeny Jivkov") -> Evgeny Jivkov | AA53: =IFERROR(__xludf.DUMMYFUNCTION("""COMPUTED_VALUE"""),"Rangelov") -> Rangelov | AB53: =IFERROR(__xludf.DUMMYFUNCTION("""COMPUTED_VALUE"""),"E.J.") -> E.J. | AC53: =IFERROR(__xludf.DUMMYFUNCTION("""COMPUTED_VALUE"""),1.26248175E8) -> 126248175 | AD53: =IFERROR(__xludf.DUMMYFUNCTION("""COMPUTED_VALUE"""),22107.0) -> 22107 | AE53: =IFERROR(__xludf.DUMMYFUNCTION("""COMPUTED_VALUE"""),"bg") -> bg | AF53: =IFERROR(__xludf.DUMMYFUNCTION("""COMPUTED_VALUE"""),"Varna") -> Varna | AG53: =IFERROR(__xludf.DUMMYFUNCTION("""COMPUTED_VALUE"""),"Hr. E.J. Rangelov") -> Hr. E.J. Rangelov | AH53: =IFERROR(__xludf.DUMMYFUNCTION("""COMPUTED_VALUE"""),"NL35ABNA0561170053") -> NL35ABNA0561170053 | AM53: =IFERROR(__xludf.DUMMYFUNCTION("""COMPUTED_VALUE"""),"Bulgarije") -> Bulgarije | AN53: =IFERROR(__xludf.DUMMYFUNCTION("""COMPUTED_VALUE"""),"Evgeny Jivkov Rangelov") -> Evgeny Jivkov Rangelov
A54: =IFERROR(__xludf.DUMMYFUNCTION("""COMPUTED_VALUE"""),"AYERKAN supermarkt") -> AYERKAN supermarkt | B54: =IFERROR(__xludf.DUMMYFUNCTION("""COMPUTED_VALUE"""),"AYERKAN supermarkt") -> AYERKAN supermarkt | C54: =IFERROR(__xludf.DUMMYFUNCTION("""COMPUTED_VALUE"""),1765.0) -> 1765 | D54: =IFERROR(__xludf.DUMMYFUNCTION("""COMPUTED_VALUE"""),"Silvia Emilova Hyusein") -> Silvia Emilova Hyusein | E54: =IFERROR(__xludf.DUMMYFUNCTION("""COMPUTED_VALUE"""),"SBI-code: 4120 - Algemene burgerlijke en utiliteitsbouw") -> SBI-code: 4120 - Algemene burgerlijke en utiliteitsbouw | F54: =IFERROR(__xludf.DUMMYFUNCTION("""COMPUTED_VALUE"""),"0611432524") -> 0611432524 | G54: =IFERROR(__xludf.DUMMYFUNCTION("""COMPUTED_VALUE"""),"silvia2324silvia@icloud.com") -> silvia2324silvia@icloud.com | H54: =IFERROR(__xludf.DUMMYFUNCTION("""COMPUTED_VALUE"""),"Schalkburgerplein 11") -> Schalkburgerplein 11 | I54: =IFERROR(__xludf.DUMMYFUNCTION("""COMPUTED_VALUE"""),"2572TM") -> 2572TM | J54: =IFERROR(__xludf.DUMMYFUNCTION("""COMPUTED_VALUE"""),"s-Gravenhage") -> s-Gravenhage | K54: =IFERROR(__xludf.DUMMYFUNCTION("""COMPUTED_VALUE"""),"Nederland") -> Nederland | L54: =IFERROR(__xludf.DUMMYFUNCTION("""COMPUTED_VALUE"""),"Хюсеин") -> Хюсеин | M54: =IFERROR(__xludf.DUMMYFUNCTION("""COMPUTED_VALUE"""),46023.0) -> 46023 | N54: =IFERROR(__xludf.DUMMYFUNCTION("""COMPUTED_VALUE"""),"NL697669191B01") -> NL697669191B01 | O54: =IFERROR(__xludf.DUMMYFUNCTION("""COMPUTED_VALUE"""),9.9375281E7) -> 99375281 | P54: =IFERROR(__xludf.DUMMYFUNCTION("""COMPUTED_VALUE"""),"NL") -> NL | Q54: =IFERROR(__xludf.DUMMYFUNCTION("""COMPUTED_VALUE"""),46023.0) -> 46023 | T54: =IFERROR(__xludf.DUMMYFUNCTION("""COMPUTED_VALUE"""),6.97669191E8) -> 697669191 | U54: =IFERROR(__xludf.DUMMYFUNCTION("""COMPUTED_VALUE"""),"Eenmanszaak") -> Eenmanszaak | V54: =IFERROR(__xludf.DUMMYFUNCTION("""COMPUTED_VALUE"""),"000064455971") -> 000064455971 | W54: =IFERROR(__xludf.DUMMYFUNCTION("""COMPUTED_VALUE"""),"ink.ayerkan.2288aa@zarabota.nl") -> ink.ayerkan.2288aa@zarabota.nl | X54: =IFERROR(__xludf.DUMMYFUNCTION("""COMPUTED_VALUE"""),"ver.ayerkan.2288aa@zarabota.nl") -> ver.ayerkan.2288aa@zarabota.nl | Y54: =IFERROR(__xludf.DUMMYFUNCTION("""COMPUTED_VALUE"""),"Mw.") -> Mw. | Z54: =IFERROR(__xludf.DUMMYFUNCTION("""COMPUTED_VALUE"""),"Silvia Emilova") -> Silvia Emilova | AA54: =IFERROR(__xludf.DUMMYFUNCTION("""COMPUTED_VALUE"""),"Hyusein") -> Hyusein | AB54: =IFERROR(__xludf.DUMMYFUNCTION("""COMPUTED_VALUE"""),"S.E.") -> S.E. | AC54: =IFERROR(__xludf.DUMMYFUNCTION("""COMPUTED_VALUE"""),6.97669191E8) -> 697669191 | AD54: =IFERROR(__xludf.DUMMYFUNCTION("""COMPUTED_VALUE"""),35103.0) -> 35103 | AE54: =IFERROR(__xludf.DUMMYFUNCTION("""COMPUTED_VALUE"""),"bg") -> bg | AF54: =IFERROR(__xludf.DUMMYFUNCTION("""COMPUTED_VALUE"""),"Targovishte") -> Targovishte | AG54: =IFERROR(__xludf.DUMMYFUNCTION("""COMPUTED_VALUE"""),"Mw. S.E. Hyusein") -> Mw. S.E. Hyusein | AJ54: =IFERROR(__xludf.DUMMYFUNCTION("""COMPUTED_VALUE"""),"Rijbewijs") -> Rijbewijs | AK54: =IFERROR(__xludf.DUMMYFUNCTION("""COMPUTED_VALUE"""),5.596034837E9) -> 5596034837 | AL54: =IFERROR(__xludf.DUMMYFUNCTION("""COMPUTED_VALUE"""),49224.0) -> 49224 | AM54: =IFERROR(__xludf.DUMMYFUNCTION("""COMPUTED_VALUE"""),"Bulgarije") -> Bulgarije | AN54: =IFERROR(__xludf.DUMMYFUNCTION("""COMPUTED_VALUE"""),"Silvia Emilova Hyusein") -> Silvia Emilova Hyusein | AO54: =IFERROR(__xludf.DUMMYFUNCTION("""COMPUTED_VALUE"""),1765.0) -> 1765
A55: =IFERROR(__xludf.DUMMYFUNCTION("""COMPUTED_VALUE"""),"Ayvaz Ijzervlechter") -> Ayvaz Ijzervlechter | B55: =IFERROR(__xludf.DUMMYFUNCTION("""COMPUTED_VALUE"""),"Ayvaz IJzervlechter") -> Ayvaz IJzervlechter | C55: =IFERROR(__xludf.DUMMYFUNCTION("""COMPUTED_VALUE"""),534.0) -> 534 | D55: =IFERROR(__xludf.DUMMYFUNCTION("""COMPUTED_VALUE"""),"Atanas Biserov Hristev") -> Atanas Biserov Hristev | E55: =IFERROR(__xludf.DUMMYFUNCTION("""COMPUTED_VALUE"""),"SBI-code: 4120 - Algemene burgerlijke en utiliteitsbouw") -> SBI-code: 4120 - Algemene burgerlijke en utiliteitsbouw | F55: =IFERROR(__xludf.DUMMYFUNCTION("""COMPUTED_VALUE"""),"0685350756") -> 0685350756 | G55: =IFERROR(__xludf.DUMMYFUNCTION("""COMPUTED_VALUE"""),"nasko_xristev99@icloud.com") -> nasko_xristev99@icloud.com | H55: =IFERROR(__xludf.DUMMYFUNCTION("""COMPUTED_VALUE"""),"Burgersdijkstraat 4") -> Burgersdijkstraat 4 | I55: =IFERROR(__xludf.DUMMYFUNCTION("""COMPUTED_VALUE"""),"2522 WE") -> 2522 WE | J55: =IFERROR(__xludf.DUMMYFUNCTION("""COMPUTED_VALUE"""),"s-Gravenhage") -> s-Gravenhage | K55: =IFERROR(__xludf.DUMMYFUNCTION("""COMPUTED_VALUE"""),"Nederland") -> Nederland | L55: =IFERROR(__xludf.DUMMYFUNCTION("""COMPUTED_VALUE"""),"Христев") -> Христев | M55: =IFERROR(__xludf.DUMMYFUNCTION("""COMPUTED_VALUE"""),43175.0) -> 43175 | N55: =IFERROR(__xludf.DUMMYFUNCTION("""COMPUTED_VALUE"""),"NL479421663B01") -> NL479421663B01 | O55: =IFERROR(__xludf.DUMMYFUNCTION("""COMPUTED_VALUE"""),7.0060991E7) -> 70060991 | P55: =IFERROR(__xludf.DUMMYFUNCTION("""COMPUTED_VALUE"""),"NL05INGB0008086529") -> NL05INGB0008086529 | Q55: =IFERROR(__xludf.DUMMYFUNCTION("""COMPUTED_VALUE"""),43053.0) -> 43053 | S55: =IFERROR(__xludf.DUMMYFUNCTION("""COMPUTED_VALUE"""),"NL002489543B22") -> NL002489543B22 | T55: =IFERROR(__xludf.DUMMYFUNCTION("""COMPUTED_VALUE"""),4.79421663E8) -> 479421663 | U55: =IFERROR(__xludf.DUMMYFUNCTION("""COMPUTED_VALUE"""),"Eenmanszaak") -> Eenmanszaak | V55: =IFERROR(__xludf.DUMMYFUNCTION("""COMPUTED_VALUE"""),"000038365596") -> 000038365596 | W55: =IFERROR(__xludf.DUMMYFUNCTION("""COMPUTED_VALUE"""),"ink.ayvazijzervlechter.2288aa@zarabota.nl") -> ink.ayvazijzervlechter.2288aa@zarabota.nl | X55: =IFERROR(__xludf.DUMMYFUNCTION("""COMPUTED_VALUE"""),"ver.ayvazijzervlechter.2288aa@zarabota.nl") -> ver.ayvazijzervlechter.2288aa@zarabota.nl | Y55: =IFERROR(__xludf.DUMMYFUNCTION("""COMPUTED_VALUE"""),"Hr.") -> Hr. | Z55: =IFERROR(__xludf.DUMMYFUNCTION("""COMPUTED_VALUE"""),"Atanas Biserov") -> Atanas Biserov | AA55: =IFERROR(__xludf.DUMMYFUNCTION("""COMPUTED_VALUE"""),"Hristev") -> Hristev | AB55: =IFERROR(__xludf.DUMMYFUNCTION("""COMPUTED_VALUE"""),"A.B.") -> A.B. | AC55: =IFERROR(__xludf.DUMMYFUNCTION("""COMPUTED_VALUE"""),4.79421663E8) -> 479421663 | AD55: =IFERROR(__xludf.DUMMYFUNCTION("""COMPUTED_VALUE"""),34268.0) -> 34268 | AE55: =IFERROR(__xludf.DUMMYFUNCTION("""COMPUTED_VALUE"""),"bg") -> bg | AF55: =IFERROR(__xludf.DUMMYFUNCTION("""COMPUTED_VALUE"""),"Parvomay") -> Parvomay | AG55: =IFERROR(__xludf.DUMMYFUNCTION("""COMPUTED_VALUE"""),"Hr. A.B. Hristev") -> Hr. A.B. Hristev | AH55: =IFERROR(__xludf.DUMMYFUNCTION("""COMPUTED_VALUE"""),"NL53INGB0651367840") -> NL53INGB0651367840 | AJ55: =IFERROR(__xludf.DUMMYFUNCTION("""COMPUTED_VALUE"""),"ID Kaart") -> ID Kaart | AK55: =IFERROR(__xludf.DUMMYFUNCTION("""COMPUTED_VALUE"""),6.44599936E8) -> 644599936 | AL55: =IFERROR(__xludf.DUMMYFUNCTION("""COMPUTED_VALUE"""),45034.0) -> 45034 | AN55: =IFERROR(__xludf.DUMMYFUNCTION("""COMPUTED_VALUE"""),"Atanas Biserov Hristev") -> Atanas Biserov Hristev
A56: =IFERROR(__xludf.DUMMYFUNCTION("""COMPUTED_VALUE"""),"Azaria") -> Azaria | B56: =IFERROR(__xludf.DUMMYFUNCTION("""COMPUTED_VALUE"""),"Azaria") -> Azaria | C56: =IFERROR(__xludf.DUMMYFUNCTION("""COMPUTED_VALUE"""),225.0) -> 225 | D56: =IFERROR(__xludf.DUMMYFUNCTION("""COMPUTED_VALUE"""),"Valeri Markova Georgieva") -> Valeri Markova Georgieva | E56: =IFERROR(__xludf.DUMMYFUNCTION("""COMPUTED_VALUE"""),"SBI-code: 4120 - Algemene burgerlijke en utiliteitsbouw") -> SBI-code: 4120 - Algemene burgerlijke en utiliteitsbouw | F56: =IFERROR(__xludf.DUMMYFUNCTION("""COMPUTED_VALUE"""),"0628436661") -> 0628436661 | G56: =IFERROR(__xludf.DUMMYFUNCTION("""COMPUTED_VALUE"""),"valarina11@hotmail.com") -> valarina11@hotmail.com | H56: =IFERROR(__xludf.DUMMYFUNCTION("""COMPUTED_VALUE"""),"Jan Wapstraat 47") -> Jan Wapstraat 47 | I56: =IFERROR(__xludf.DUMMYFUNCTION("""COMPUTED_VALUE"""),"2523GB") -> 2523GB | J56: =IFERROR(__xludf.DUMMYFUNCTION("""COMPUTED_VALUE"""),"s-Gravenhage") -> s-Gravenhage | K56: =IFERROR(__xludf.DUMMYFUNCTION("""COMPUTED_VALUE"""),"Nederland") -> Nederland | L56: =IFERROR(__xludf.DUMMYFUNCTION("""COMPUTED_VALUE"""),"Георгиева") -> Георгиева | M56: =IFERROR(__xludf.DUMMYFUNCTION("""COMPUTED_VALUE"""),43175.0) -> 43175 | N56: =IFERROR(__xludf.DUMMYFUNCTION("""COMPUTED_VALUE"""),"NL264558704B01") -> NL264558704B01 | O56: =IFERROR(__xludf.DUMMYFUNCTION("""COMPUTED_VALUE"""),5.6324634E7) -> 56324634 | P56: =IFERROR(__xludf.DUMMYFUNCTION("""COMPUTED_VALUE"""),"NL90INGB0007496888") -> NL90INGB0007496888 | Q56: =IFERROR(__xludf.DUMMYFUNCTION("""COMPUTED_VALUE"""),41214.0) -> 41214 | S56: =IFERROR(__xludf.DUMMYFUNCTION("""COMPUTED_VALUE"""),"NL002456577B90") -> NL002456577B90 | T56: =IFERROR(__xludf.DUMMYFUNCTION("""COMPUTED_VALUE"""),2.64558704E8) -> 264558704 | U56: =IFERROR(__xludf.DUMMYFUNCTION("""COMPUTED_VALUE"""),"Eenmanszaak") -> Eenmanszaak | V56: =IFERROR(__xludf.DUMMYFUNCTION("""COMPUTED_VALUE"""),"000025888390") -> 000025888390 | W56: =IFERROR(__xludf.DUMMYFUNCTION("""COMPUTED_VALUE"""),"ink.azaria.2288aa@zarabota.nl") -> ink.azaria.2288aa@zarabota.nl | X56: =IFERROR(__xludf.DUMMYFUNCTION("""COMPUTED_VALUE"""),"ver.azaria.2288aa@zarabota.nl") -> ver.azaria.2288aa@zarabota.nl | Y56: =IFERROR(__xludf.DUMMYFUNCTION("""COMPUTED_VALUE"""),"Mw.") -> Mw. | Z56: =IFERROR(__xludf.DUMMYFUNCTION("""COMPUTED_VALUE"""),"Valeri Markova") -> Valeri Markova | AA56: =IFERROR(__xludf.DUMMYFUNCTION("""COMPUTED_VALUE"""),"Georgieva") -> Georgieva | AB56: =IFERROR(__xludf.DUMMYFUNCTION("""COMPUTED_VALUE"""),"V.M.") -> V.M. | AC56: =IFERROR(__xludf.DUMMYFUNCTION("""COMPUTED_VALUE"""),2.64558704E8) -> 264558704 | AD56: =IFERROR(__xludf.DUMMYFUNCTION("""COMPUTED_VALUE"""),29109.0) -> 29109 | AE56: =IFERROR(__xludf.DUMMYFUNCTION("""COMPUTED_VALUE"""),"bg") -> bg | AF56: =IFERROR(__xludf.DUMMYFUNCTION("""COMPUTED_VALUE"""),"Sliven") -> Sliven | AG56: =IFERROR(__xludf.DUMMYFUNCTION("""COMPUTED_VALUE"""),"Mw. V.M. Georgieva") -> Mw. V.M. Georgieva | AH56: =IFERROR(__xludf.DUMMYFUNCTION("""COMPUTED_VALUE"""),"NL65INGB0003241657") -> NL65INGB0003241657 | AN56: =IFERROR(__xludf.DUMMYFUNCTION("""COMPUTED_VALUE"""),"Valeri Markova Georgieva") -> Valeri Markova Georgieva
A57: =IFERROR(__xludf.DUMMYFUNCTION("""COMPUTED_VALUE"""),"B.A. Nikolov") -> B.A. Nikolov | B57: =IFERROR(__xludf.DUMMYFUNCTION("""COMPUTED_VALUE"""),"B.A. Nikolov") -> B.A. Nikolov | C57: =IFERROR(__xludf.DUMMYFUNCTION("""COMPUTED_VALUE"""),1712.0) -> 1712 | D57: =IFERROR(__xludf.DUMMYFUNCTION("""COMPUTED_VALUE"""),"Boyan Anatoliev Nikolov") -> Boyan Anatoliev Nikolov | E57: =IFERROR(__xludf.DUMMYFUNCTION("""COMPUTED_VALUE"""),"SBI-code: 4120 - Algemene burgerlijke en utiliteitsbouw") -> SBI-code: 4120 - Algemene burgerlijke en utiliteitsbouw | F57: =IFERROR(__xludf.DUMMYFUNCTION("""COMPUTED_VALUE"""),"+359885717475") -> +359885717475 | G57: =IFERROR(__xludf.DUMMYFUNCTION("""COMPUTED_VALUE"""),"boyanikolov@abv.bg") -> boyanikolov@abv.bg | H57: =IFERROR(__xludf.DUMMYFUNCTION("""COMPUTED_VALUE"""),"Hendrik de Keijserstraat 35") -> Hendrik de Keijserstraat 35 | I57: =IFERROR(__xludf.DUMMYFUNCTION("""COMPUTED_VALUE"""),"5041JA") -> 5041JA | J57: =IFERROR(__xludf.DUMMYFUNCTION("""COMPUTED_VALUE"""),"Tilburg") -> Tilburg | K57: =IFERROR(__xludf.DUMMYFUNCTION("""COMPUTED_VALUE"""),"Nederland") -> Nederland | L57: =IFERROR(__xludf.DUMMYFUNCTION("""COMPUTED_VALUE"""),"Николов") -> Николов | M57: =IFERROR(__xludf.DUMMYFUNCTION("""COMPUTED_VALUE"""),45777.0) -> 45777 | N57: =IFERROR(__xludf.DUMMYFUNCTION("""COMPUTED_VALUE"""),"NL346700450B01") -> NL346700450B01 | O57: =IFERROR(__xludf.DUMMYFUNCTION("""COMPUTED_VALUE"""),9.7217174E7) -> 97217174 | P57: =IFERROR(__xludf.DUMMYFUNCTION("""COMPUTED_VALUE"""),"NL93INGB0114802211") -> NL93INGB0114802211 | Q57: =IFERROR(__xludf.DUMMYFUNCTION("""COMPUTED_VALUE"""),45777.0) -> 45777 | S57: =IFERROR(__xludf.DUMMYFUNCTION("""COMPUTED_VALUE"""),"NL005256357B51") -> NL005256357B51 | T57: =IFERROR(__xludf.DUMMYFUNCTION("""COMPUTED_VALUE"""),3.4670045E8) -> 346700450 | U57: =IFERROR(__xludf.DUMMYFUNCTION("""COMPUTED_VALUE"""),"Eenmanszaak") -> Eenmanszaak | V57: =IFERROR(__xludf.DUMMYFUNCTION("""COMPUTED_VALUE"""),"000062474944") -> 000062474944 | W57: =IFERROR(__xludf.DUMMYFUNCTION("""COMPUTED_VALUE"""),"ink.banikolov.2288aa@zarabota.nl") -> ink.banikolov.2288aa@zarabota.nl | X57: =IFERROR(__xludf.DUMMYFUNCTION("""COMPUTED_VALUE"""),"ver.banikolov.2288aa@zarabota.nl") -> ver.banikolov.2288aa@zarabota.nl | Y57: =IFERROR(__xludf.DUMMYFUNCTION("""COMPUTED_VALUE"""),"Hr.") -> Hr. | Z57: =IFERROR(__xludf.DUMMYFUNCTION("""COMPUTED_VALUE"""),"Boyan Anatoliev") -> Boyan Anatoliev | AA57: =IFERROR(__xludf.DUMMYFUNCTION("""COMPUTED_VALUE"""),"Nikolov") -> Nikolov | AB57: =IFERROR(__xludf.DUMMYFUNCTION("""COMPUTED_VALUE"""),"B.A.") -> B.A. | AC57: =IFERROR(__xludf.DUMMYFUNCTION("""COMPUTED_VALUE"""),3.4670045E8) -> 346700450 | AD57: =IFERROR(__xludf.DUMMYFUNCTION("""COMPUTED_VALUE"""),34298.0) -> 34298 | AE57: =IFERROR(__xludf.DUMMYFUNCTION("""COMPUTED_VALUE"""),"bg") -> bg | AF57: =IFERROR(__xludf.DUMMYFUNCTION("""COMPUTED_VALUE"""),"Ruse") -> Ruse | AG57: =IFERROR(__xludf.DUMMYFUNCTION("""COMPUTED_VALUE"""),"Hr. B.A. Nikolov") -> Hr. B.A. Nikolov | AJ57: =IFERROR(__xludf.DUMMYFUNCTION("""COMPUTED_VALUE"""),"ID Kaart") -> ID Kaart | AK57: =IFERROR(__xludf.DUMMYFUNCTION("""COMPUTED_VALUE"""),6.52166016E8) -> 652166016 | AL57: =IFERROR(__xludf.DUMMYFUNCTION("""COMPUTED_VALUE"""),48595.0) -> 48595 | AM57: =IFERROR(__xludf.DUMMYFUNCTION("""COMPUTED_VALUE"""),"Bulgarije") -> Bulgarije | AN57: =IFERROR(__xludf.DUMMYFUNCTION("""COMPUTED_VALUE"""),"Boyan Anatoliev Nikolov") -> Boyan Anatoliev Nikolov | AO57: =IFERROR(__xludf.DUMMYFUNCTION("""COMPUTED_VALUE"""),1712.0) -> 1712
